Event,Division,Sex,Year,Points
10000m,NAIA,Men,2010,777
10000m,NAIA,Men,2011,813
10000m,NAIA,Men,2012,758
10000m,NAIA,Men,2013,767
10000m,NAIA,Men,2014,767
10000m,NAIA,Men,2015,771
10000m,NAIA,Men,2016,740
10000m,NAIA,Men,2017,743
10000m,NAIA,Men,2018,752
10000m,NAIA,Men,2019,761
10000m,NAIA,Men,2021,797
10000m,NAIA,Men,2022,816
10000m,NAIA,Men,2023,819
10000m,NAIA,Women,2010,801
10000m,NAIA,Women,2011,807
10000m,NAIA,Women,2012,779
10000m,NAIA,Women,2013,785
10000m,NAIA,Women,2014,785
10000m,NAIA,Women,2015,795
10000m,NAIA,Women,2016,749
10000m,NAIA,Women,2017,779
10000m,NAIA,Women,2018,782
10000m,NAIA,Women,2019,800
10000m,NAIA,Women,2021,781
10000m,NAIA,Women,2022,803
10000m,NAIA,Women,2023,807
10000m,NCAA D-I,Men,2010,1015
10000m,NCAA D-I,Men,2011,1007
10000m,NCAA D-I,Men,2012,1016
10000m,NCAA D-I,Men,2013,1003
10000m,NCAA D-I,Men,2014,1021
10000m,NCAA D-I,Men,2015,1017
10000m,NCAA D-I,Men,2016,1014
10000m,NCAA D-I,Men,2017,1019
10000m,NCAA D-I,Men,2018,1018
10000m,NCAA D-I,Men,2019,1032
10000m,NCAA D-I,Men,2021,1054
10000m,NCAA D-I,Men,2022,1074
10000m,NCAA D-I,Men,2023,1073
10000m,NCAA D-I,Men,2024,741
10000m,NCAA D-I,Women,2010,1008
10000m,NCAA D-I,Women,2011,1017
10000m,NCAA D-I,Women,2012,1024
10000m,NCAA D-I,Women,2013,1023
10000m,NCAA D-I,Women,2014,1033
10000m,NCAA D-I,Women,2015,1034
10000m,NCAA D-I,Women,2016,1029
10000m,NCAA D-I,Women,2017,1032
10000m,NCAA D-I,Women,2018,1038
10000m,NCAA D-I,Women,2019,1046
10000m,NCAA D-I,Women,2021,1049
10000m,NCAA D-I,Women,2022,1050
10000m,NCAA D-I,Women,2023,1070
10000m,NCAA D-I,Women,2024,779
10000m,NCAA D-II,Men,2010,872
10000m,NCAA D-II,Men,2011,874
10000m,NCAA D-II,Men,2012,884
10000m,NCAA D-II,Men,2013,886
10000m,NCAA D-II,Men,2014,898
10000m,NCAA D-II,Men,2015,884
10000m,NCAA D-II,Men,2016,906
10000m,NCAA D-II,Men,2017,899
10000m,NCAA D-II,Men,2018,879
10000m,NCAA D-II,Men,2019,896
10000m,NCAA D-II,Men,2021,941
10000m,NCAA D-II,Men,2022,962
10000m,NCAA D-II,Men,2023,962
10000m,NCAA D-II,Women,2010,878
10000m,NCAA D-II,Women,2011,878
10000m,NCAA D-II,Women,2012,887
10000m,NCAA D-II,Women,2013,892
10000m,NCAA D-II,Women,2014,888
10000m,NCAA D-II,Women,2015,899
10000m,NCAA D-II,Women,2016,906
10000m,NCAA D-II,Women,2017,906
10000m,NCAA D-II,Women,2018,900
10000m,NCAA D-II,Women,2019,895
10000m,NCAA D-II,Women,2021,899
10000m,NCAA D-II,Women,2022,933
10000m,NCAA D-II,Women,2023,939
10000m,NCAA D-III,Men,2010,838
10000m,NCAA D-III,Men,2011,860
10000m,NCAA D-III,Men,2012,876
10000m,NCAA D-III,Men,2013,869
10000m,NCAA D-III,Men,2014,863
10000m,NCAA D-III,Men,2015,847
10000m,NCAA D-III,Men,2016,859
10000m,NCAA D-III,Men,2017,863
10000m,NCAA D-III,Men,2018,864
10000m,NCAA D-III,Men,2019,872
10000m,NCAA D-III,Men,2021,853
10000m,NCAA D-III,Men,2022,909
10000m,NCAA D-III,Men,2023,915
10000m,NCAA D-III,Women,2010,863
10000m,NCAA D-III,Women,2011,870
10000m,NCAA D-III,Women,2012,872
10000m,NCAA D-III,Women,2013,880
10000m,NCAA D-III,Women,2014,885
10000m,NCAA D-III,Women,2015,869
10000m,NCAA D-III,Women,2016,881
10000m,NCAA D-III,Women,2017,882
10000m,NCAA D-III,Women,2018,878
10000m,NCAA D-III,Women,2019,877
10000m,NCAA D-III,Women,2021,853
10000m,NCAA D-III,Women,2022,887
10000m,NCAA D-III,Women,2023,900
10000m,World,Men,2010,1142
10000m,World,Men,2011,1165
10000m,World,Men,2012,1169
10000m,World,Men,2013,1148
10000m,World,Men,2014,1139
10000m,World,Men,2015,1157
10000m,World,Men,2016,1166
10000m,World,Men,2017,1156
10000m,World,Men,2018,1139
10000m,World,Men,2019,1161
10000m,World,Men,2021,1176
10000m,World,Men,2022,1182
10000m,World,Men,2023,1173
10000m,World,Women,2010,1121
10000m,World,Women,2011,1132
10000m,World,Women,2012,1138
10000m,World,Women,2013,1131
10000m,World,Women,2014,1124
10000m,World,Women,2015,1142
10000m,World,Women,2016,1157
10000m,World,Women,2017,1142
10000m,World,Women,2018,1132
10000m,World,Women,2019,1154
10000m,World,Women,2021,1173
10000m,World,Women,2022,1170
10000m,World,Women,2023,1166
100m,Kansas 1A,Men,2010,716
100m,Kansas 1A,Men,2011,632
100m,Kansas 1A,Men,2012,694
100m,Kansas 1A,Men,2013,706
100m,Kansas 1A,Men,2014,720
100m,Kansas 1A,Men,2015,707
100m,Kansas 1A,Men,2016,730
100m,Kansas 1A,Men,2017,729
100m,Kansas 1A,Men,2018,686
100m,Kansas 1A,Men,2019,726
100m,Kansas 1A,Men,2021,700
100m,Kansas 1A,Men,2022,687
100m,Kansas 1A,Men,2023,692
100m,Kansas 1A,Women,2010,684
100m,Kansas 1A,Women,2011,720
100m,Kansas 1A,Women,2012,684
100m,Kansas 1A,Women,2013,695
100m,Kansas 1A,Women,2014,708
100m,Kansas 1A,Women,2015,712
100m,Kansas 1A,Women,2016,739
100m,Kansas 1A,Women,2017,725
100m,Kansas 1A,Women,2018,715
100m,Kansas 1A,Women,2019,706
100m,Kansas 1A,Women,2021,699
100m,Kansas 1A,Women,2022,702
100m,Kansas 1A,Women,2023,715
100m,Kansas 3A,Men,2010,694
100m,Kansas 3A,Men,2011,594
100m,Kansas 3A,Men,2012,720
100m,Kansas 3A,Men,2013,704
100m,Kansas 3A,Men,2014,732
100m,Kansas 3A,Men,2015,738
100m,Kansas 3A,Men,2016,761
100m,Kansas 3A,Men,2017,747
100m,Kansas 3A,Men,2018,749
100m,Kansas 3A,Men,2019,755
100m,Kansas 3A,Men,2021,767
100m,Kansas 3A,Men,2022,749
100m,Kansas 3A,Men,2023,776
100m,Kansas 3A,Women,2010,651
100m,Kansas 3A,Women,2011,629
100m,Kansas 3A,Women,2012,713
100m,Kansas 3A,Women,2013,700
100m,Kansas 3A,Women,2014,709
100m,Kansas 3A,Women,2015,734
100m,Kansas 3A,Women,2016,754
100m,Kansas 3A,Women,2017,726
100m,Kansas 3A,Women,2018,741
100m,Kansas 3A,Women,2019,747
100m,Kansas 3A,Women,2021,739
100m,Kansas 3A,Women,2022,760
100m,Kansas 3A,Women,2023,763
100m,Kansas 6A,Men,2010,793
100m,Kansas 6A,Men,2011,704
100m,Kansas 6A,Men,2012,783
100m,Kansas 6A,Men,2013,774
100m,Kansas 6A,Men,2014,785
100m,Kansas 6A,Men,2015,797
100m,Kansas 6A,Men,2016,838
100m,Kansas 6A,Men,2017,818
100m,Kansas 6A,Men,2018,818
100m,Kansas 6A,Men,2019,824
100m,Kansas 6A,Men,2021,816
100m,Kansas 6A,Men,2022,852
100m,Kansas 6A,Men,2023,851
100m,Kansas 6A,Women,2010,769
100m,Kansas 6A,Women,2011,708
100m,Kansas 6A,Women,2012,756
100m,Kansas 6A,Women,2013,762
100m,Kansas 6A,Women,2014,768
100m,Kansas 6A,Women,2015,794
100m,Kansas 6A,Women,2016,807
100m,Kansas 6A,Women,2017,800
100m,Kansas 6A,Women,2018,803
100m,Kansas 6A,Women,2019,793
100m,Kansas 6A,Women,2021,797
100m,Kansas 6A,Women,2022,823
100m,Kansas 6A,Women,2023,810
100m,NAIA,Men,2010,942
100m,NAIA,Men,2011,966
100m,NAIA,Men,2012,947
100m,NAIA,Men,2013,939
100m,NAIA,Men,2014,954
100m,NAIA,Men,2015,960
100m,NAIA,Men,2016,970
100m,NAIA,Men,2017,980
100m,NAIA,Men,2018,974
100m,NAIA,Men,2019,973
100m,NAIA,Men,2021,984
100m,NAIA,Men,2022,998
100m,NAIA,Men,2023,1020
100m,NAIA,Women,2010,912
100m,NAIA,Women,2011,940
100m,NAIA,Women,2012,943
100m,NAIA,Women,2013,935
100m,NAIA,Women,2014,954
100m,NAIA,Women,2015,949
100m,NAIA,Women,2016,947
100m,NAIA,Women,2017,956
100m,NAIA,Women,2018,956
100m,NAIA,Women,2019,958
100m,NAIA,Women,2021,957
100m,NAIA,Women,2022,972
100m,NAIA,Women,2023,981
100m,NCAA D-I,Men,2010,1081
100m,NCAA D-I,Men,2011,1097
100m,NCAA D-I,Men,2012,1098
100m,NCAA D-I,Men,2013,1090
100m,NCAA D-I,Men,2014,1103
100m,NCAA D-I,Men,2015,1108
100m,NCAA D-I,Men,2016,1101
100m,NCAA D-I,Men,2017,1124
100m,NCAA D-I,Men,2018,1120
100m,NCAA D-I,Men,2019,1120
100m,NCAA D-I,Men,2021,1124
100m,NCAA D-I,Men,2022,1152
100m,NCAA D-I,Men,2023,1149
100m,NCAA D-I,Men,2024,1052
100m,NCAA D-I,Women,2010,1089
100m,NCAA D-I,Women,2011,1109
100m,NCAA D-I,Women,2012,1099
100m,NCAA D-I,Women,2013,1099
100m,NCAA D-I,Women,2014,1105
100m,NCAA D-I,Women,2015,1108
100m,NCAA D-I,Women,2016,1117
100m,NCAA D-I,Women,2017,1122
100m,NCAA D-I,Women,2018,1134
100m,NCAA D-I,Women,2019,1116
100m,NCAA D-I,Women,2021,1123
100m,NCAA D-I,Women,2022,1136
100m,NCAA D-I,Women,2023,1146
100m,NCAA D-I,Women,2024,1049
100m,NCAA D-II,Men,2010,986
100m,NCAA D-II,Men,2011,1003
100m,NCAA D-II,Men,2012,1000
100m,NCAA D-II,Men,2013,1015
100m,NCAA D-II,Men,2014,996
100m,NCAA D-II,Men,2015,1010
100m,NCAA D-II,Men,2016,1022
100m,NCAA D-II,Men,2017,1026
100m,NCAA D-II,Men,2018,1022
100m,NCAA D-II,Men,2019,1020
100m,NCAA D-II,Men,2021,1020
100m,NCAA D-II,Men,2022,1053
100m,NCAA D-II,Men,2023,1070
100m,NCAA D-II,Women,2010,967
100m,NCAA D-II,Women,2011,994
100m,NCAA D-II,Women,2012,985
100m,NCAA D-II,Women,2013,992
100m,NCAA D-II,Women,2014,992
100m,NCAA D-II,Women,2015,1000
100m,NCAA D-II,Women,2016,996
100m,NCAA D-II,Women,2017,1015
100m,NCAA D-II,Women,2018,1012
100m,NCAA D-II,Women,2019,1021
100m,NCAA D-II,Women,2021,1018
100m,NCAA D-II,Women,2022,1032
100m,NCAA D-II,Women,2023,1047
100m,NCAA D-III,Men,2010,929
100m,NCAA D-III,Men,2011,933
100m,NCAA D-III,Men,2012,951
100m,NCAA D-III,Men,2013,939
100m,NCAA D-III,Men,2014,956
100m,NCAA D-III,Men,2015,953
100m,NCAA D-III,Men,2016,957
100m,NCAA D-III,Men,2017,959
100m,NCAA D-III,Men,2018,957
100m,NCAA D-III,Men,2019,966
100m,NCAA D-III,Men,2021,958
100m,NCAA D-III,Men,2022,1005
100m,NCAA D-III,Men,2023,1004
100m,NCAA D-III,Women,2010,907
100m,NCAA D-III,Women,2011,917
100m,NCAA D-III,Women,2012,937
100m,NCAA D-III,Women,2013,931
100m,NCAA D-III,Women,2014,941
100m,NCAA D-III,Women,2015,946
100m,NCAA D-III,Women,2016,945
100m,NCAA D-III,Women,2017,953
100m,NCAA D-III,Women,2018,942
100m,NCAA D-III,Women,2019,936
100m,NCAA D-III,Women,2021,940
100m,NCAA D-III,Women,2022,962
100m,NCAA D-III,Women,2023,977
100m,World,Men,2010,1162
100m,World,Men,2011,1175
100m,World,Men,2012,1179
100m,World,Men,2013,1175
100m,World,Men,2014,1180
100m,World,Men,2015,1191
100m,World,Men,2016,1194
100m,World,Men,2017,1183
100m,World,Men,2018,1187
100m,World,Men,2019,1186
100m,World,Men,2021,1192
100m,World,Men,2022,1199
100m,World,Men,2023,1205
100m,World,Women,2010,1148
100m,World,Women,2011,1158
100m,World,Women,2012,1162
100m,World,Women,2013,1160
100m,World,Women,2014,1162
100m,World,Women,2015,1174
100m,World,Women,2016,1173
100m,World,Women,2017,1172
100m,World,Women,2018,1173
100m,World,Women,2019,1170
100m,World,Women,2021,1181
100m,World,Women,2022,1192
100m,World,Women,2023,1189
1500m,NAIA,Men,2010,885
1500m,NAIA,Men,2011,905
1500m,NAIA,Men,2012,897
1500m,NAIA,Men,2013,883
1500m,NAIA,Men,2014,893
1500m,NAIA,Men,2015,904
1500m,NAIA,Men,2016,877
1500m,NAIA,Men,2017,878
1500m,NAIA,Men,2018,865
1500m,NAIA,Men,2019,864
1500m,NAIA,Men,2021,865
1500m,NAIA,Men,2022,903
1500m,NAIA,Men,2023,915
1500m,NAIA,Women,2010,869
1500m,NAIA,Women,2011,870
1500m,NAIA,Women,2012,868
1500m,NAIA,Women,2013,868
1500m,NAIA,Women,2014,881
1500m,NAIA,Women,2015,889
1500m,NAIA,Women,2016,886
1500m,NAIA,Women,2017,877
1500m,NAIA,Women,2018,860
1500m,NAIA,Women,2019,866
1500m,NAIA,Women,2021,855
1500m,NAIA,Women,2022,886
1500m,NAIA,Women,2023,888
1500m,NCAA D-I,Men,2010,1059
1500m,NCAA D-I,Men,2011,1054
1500m,NCAA D-I,Men,2012,1061
1500m,NCAA D-I,Men,2013,1061
1500m,NCAA D-I,Men,2014,1062
1500m,NCAA D-I,Men,2015,1071
1500m,NCAA D-I,Men,2016,1067
1500m,NCAA D-I,Men,2017,1065
1500m,NCAA D-I,Men,2018,1067
1500m,NCAA D-I,Men,2019,1061
1500m,NCAA D-I,Men,2021,1099
1500m,NCAA D-I,Men,2022,1104
1500m,NCAA D-I,Men,2023,1104
1500m,NCAA D-I,Men,2024,959
1500m,NCAA D-I,Women,2010,1042
1500m,NCAA D-I,Women,2011,1048
1500m,NCAA D-I,Women,2012,1057
1500m,NCAA D-I,Women,2013,1059
1500m,NCAA D-I,Women,2014,1052
1500m,NCAA D-I,Women,2015,1059
1500m,NCAA D-I,Women,2016,1056
1500m,NCAA D-I,Women,2017,1061
1500m,NCAA D-I,Women,2018,1061
1500m,NCAA D-I,Women,2019,1063
1500m,NCAA D-I,Women,2021,1082
1500m,NCAA D-I,Women,2022,1080
1500m,NCAA D-I,Women,2023,1089
1500m,NCAA D-I,Women,2024,982
1500m,NCAA D-II,Men,2010,935
1500m,NCAA D-II,Men,2011,933
1500m,NCAA D-II,Men,2012,950
1500m,NCAA D-II,Men,2013,942
1500m,NCAA D-II,Men,2014,953
1500m,NCAA D-II,Men,2015,960
1500m,NCAA D-II,Men,2016,966
1500m,NCAA D-II,Men,2017,969
1500m,NCAA D-II,Men,2018,961
1500m,NCAA D-II,Men,2019,962
1500m,NCAA D-II,Men,2021,994
1500m,NCAA D-II,Men,2022,1011
1500m,NCAA D-II,Men,2023,1005
1500m,NCAA D-II,Women,2010,927
1500m,NCAA D-II,Women,2011,931
1500m,NCAA D-II,Women,2012,938
1500m,NCAA D-II,Women,2013,932
1500m,NCAA D-II,Women,2014,940
1500m,NCAA D-II,Women,2015,952
1500m,NCAA D-II,Women,2016,952
1500m,NCAA D-II,Women,2017,958
1500m,NCAA D-II,Women,2018,957
1500m,NCAA D-II,Women,2019,950
1500m,NCAA D-II,Women,2021,959
1500m,NCAA D-II,Women,2022,976
1500m,NCAA D-II,Women,2023,985
1500m,NCAA D-III,Men,2010,915
1500m,NCAA D-III,Men,2011,926
1500m,NCAA D-III,Men,2012,928
1500m,NCAA D-III,Men,2013,925
1500m,NCAA D-III,Men,2014,932
1500m,NCAA D-III,Men,2015,934
1500m,NCAA D-III,Men,2016,936
1500m,NCAA D-III,Men,2017,931
1500m,NCAA D-III,Men,2018,927
1500m,NCAA D-III,Men,2019,925
1500m,NCAA D-III,Men,2021,932
1500m,NCAA D-III,Men,2022,972
1500m,NCAA D-III,Men,2023,980
1500m,NCAA D-III,Women,2010,908
1500m,NCAA D-III,Women,2011,908
1500m,NCAA D-III,Women,2012,918
1500m,NCAA D-III,Women,2013,924
1500m,NCAA D-III,Women,2014,922
1500m,NCAA D-III,Women,2015,926
1500m,NCAA D-III,Women,2016,932
1500m,NCAA D-III,Women,2017,922
1500m,NCAA D-III,Women,2018,932
1500m,NCAA D-III,Women,2019,913
1500m,NCAA D-III,Women,2021,898
1500m,NCAA D-III,Women,2022,926
1500m,NCAA D-III,Women,2023,944
1500m,World,Men,2010,1169
1500m,World,Men,2011,1175
1500m,World,Men,2012,1178
1500m,World,Men,2013,1175
1500m,World,Men,2014,1168
1500m,World,Men,2015,1172
1500m,World,Men,2016,1166
1500m,World,Men,2017,1167
1500m,World,Men,2018,1164
1500m,World,Men,2019,1169
1500m,World,Men,2021,1187
1500m,World,Men,2022,1177
1500m,World,Men,2023,1198
1500m,World,Women,2010,1154
1500m,World,Women,2011,1158
1500m,World,Women,2012,1161
1500m,World,Women,2013,1157
1500m,World,Women,2014,1159
1500m,World,Women,2015,1161
1500m,World,Women,2016,1164
1500m,World,Women,2017,1165
1500m,World,Women,2018,1164
1500m,World,Women,2019,1169
1500m,World,Women,2021,1177
1500m,World,Women,2022,1179
1500m,World,Women,2023,1187
1600m,Kansas 1A,Men,2010,328
1600m,Kansas 1A,Men,2011,440
1600m,Kansas 1A,Men,2012,378
1600m,Kansas 1A,Men,2013,409
1600m,Kansas 1A,Men,2014,431
1600m,Kansas 1A,Men,2015,423
1600m,Kansas 1A,Men,2016,418
1600m,Kansas 1A,Men,2017,420
1600m,Kansas 1A,Men,2018,378
1600m,Kansas 1A,Men,2019,404
1600m,Kansas 1A,Men,2021,351
1600m,Kansas 1A,Men,2022,347
1600m,Kansas 1A,Men,2023,372
1600m,Kansas 1A,Women,2010,454
1600m,Kansas 1A,Women,2011,557
1600m,Kansas 1A,Women,2012,406
1600m,Kansas 1A,Women,2013,462
1600m,Kansas 1A,Women,2014,490
1600m,Kansas 1A,Women,2015,487
1600m,Kansas 1A,Women,2016,457
1600m,Kansas 1A,Women,2017,450
1600m,Kansas 1A,Women,2018,419
1600m,Kansas 1A,Women,2019,449
1600m,Kansas 1A,Women,2021,422
1600m,Kansas 1A,Women,2022,392
1600m,Kansas 1A,Women,2023,461
1600m,Kansas 3A,Men,2010,377
1600m,Kansas 3A,Men,2011,352
1600m,Kansas 3A,Men,2012,411
1600m,Kansas 3A,Men,2013,410
1600m,Kansas 3A,Men,2014,426
1600m,Kansas 3A,Men,2015,441
1600m,Kansas 3A,Men,2016,451
1600m,Kansas 3A,Men,2017,463
1600m,Kansas 3A,Men,2018,458
1600m,Kansas 3A,Men,2019,469
1600m,Kansas 3A,Men,2021,490
1600m,Kansas 3A,Men,2022,511
1600m,Kansas 3A,Men,2023,519
1600m,Kansas 3A,Women,2010,464
1600m,Kansas 3A,Women,2011,508
1600m,Kansas 3A,Women,2012,502
1600m,Kansas 3A,Women,2013,526
1600m,Kansas 3A,Women,2014,529
1600m,Kansas 3A,Women,2015,534
1600m,Kansas 3A,Women,2016,557
1600m,Kansas 3A,Women,2017,536
1600m,Kansas 3A,Women,2018,509
1600m,Kansas 3A,Women,2019,518
1600m,Kansas 3A,Women,2021,543
1600m,Kansas 3A,Women,2022,527
1600m,Kansas 3A,Women,2023,552
1600m,Kansas 6A,Men,2010,613
1600m,Kansas 6A,Men,2011,485
1600m,Kansas 6A,Men,2012,645
1600m,Kansas 6A,Men,2013,617
1600m,Kansas 6A,Men,2014,636
1600m,Kansas 6A,Men,2015,656
1600m,Kansas 6A,Men,2016,640
1600m,Kansas 6A,Men,2017,633
1600m,Kansas 6A,Men,2018,642
1600m,Kansas 6A,Men,2019,640
1600m,Kansas 6A,Men,2021,644
1600m,Kansas 6A,Men,2022,668
1600m,Kansas 6A,Men,2023,694
1600m,Kansas 6A,Women,2010,639
1600m,Kansas 6A,Women,2011,546
1600m,Kansas 6A,Women,2012,665
1600m,Kansas 6A,Women,2013,646
1600m,Kansas 6A,Women,2014,666
1600m,Kansas 6A,Women,2015,685
1600m,Kansas 6A,Women,2016,674
1600m,Kansas 6A,Women,2017,690
1600m,Kansas 6A,Women,2018,689
1600m,Kansas 6A,Women,2019,693
1600m,Kansas 6A,Women,2021,690
1600m,Kansas 6A,Women,2022,682
1600m,Kansas 6A,Women,2023,677
200m,Kansas 1A,Men,2010,633
200m,Kansas 1A,Men,2011,628
200m,Kansas 1A,Men,2012,650
200m,Kansas 1A,Men,2013,645
200m,Kansas 1A,Men,2014,680
200m,Kansas 1A,Men,2015,650
200m,Kansas 1A,Men,2016,667
200m,Kansas 1A,Men,2017,682
200m,Kansas 1A,Men,2018,637
200m,Kansas 1A,Men,2019,657
200m,Kansas 1A,Men,2021,644
200m,Kansas 1A,Men,2022,632
200m,Kansas 1A,Men,2023,649
200m,Kansas 1A,Women,2010,596
200m,Kansas 1A,Women,2011,666
200m,Kansas 1A,Women,2012,616
200m,Kansas 1A,Women,2013,623
200m,Kansas 1A,Women,2014,648
200m,Kansas 1A,Women,2015,654
200m,Kansas 1A,Women,2016,682
200m,Kansas 1A,Women,2017,664
200m,Kansas 1A,Women,2018,647
200m,Kansas 1A,Women,2019,651
200m,Kansas 1A,Women,2021,639
200m,Kansas 1A,Women,2022,633
200m,Kansas 1A,Women,2023,647
200m,Kansas 3A,Men,2010,618
200m,Kansas 3A,Men,2011,613
200m,Kansas 3A,Men,2012,673
200m,Kansas 3A,Men,2013,651
200m,Kansas 3A,Men,2014,690
200m,Kansas 3A,Men,2015,690
200m,Kansas 3A,Men,2016,707
200m,Kansas 3A,Men,2017,710
200m,Kansas 3A,Men,2018,705
200m,Kansas 3A,Men,2019,707
200m,Kansas 3A,Men,2021,722
200m,Kansas 3A,Men,2022,711
200m,Kansas 3A,Men,2023,731
200m,Kansas 3A,Women,2010,600
200m,Kansas 3A,Women,2011,606
200m,Kansas 3A,Women,2012,655
200m,Kansas 3A,Women,2013,645
200m,Kansas 3A,Women,2014,674
200m,Kansas 3A,Women,2015,664
200m,Kansas 3A,Women,2016,694
200m,Kansas 3A,Women,2017,676
200m,Kansas 3A,Women,2018,699
200m,Kansas 3A,Women,2019,672
200m,Kansas 3A,Women,2021,688
200m,Kansas 3A,Women,2022,688
200m,Kansas 3A,Women,2023,704
200m,Kansas 6A,Men,2010,746
200m,Kansas 6A,Men,2011,699
200m,Kansas 6A,Men,2012,767
200m,Kansas 6A,Men,2013,747
200m,Kansas 6A,Men,2014,761
200m,Kansas 6A,Men,2015,763
200m,Kansas 6A,Men,2016,783
200m,Kansas 6A,Men,2017,778
200m,Kansas 6A,Men,2018,781
200m,Kansas 6A,Men,2019,770
200m,Kansas 6A,Men,2021,744
200m,Kansas 6A,Men,2022,781
200m,Kansas 6A,Men,2023,792
200m,Kansas 6A,Women,2010,716
200m,Kansas 6A,Women,2011,648
200m,Kansas 6A,Women,2012,727
200m,Kansas 6A,Women,2013,733
200m,Kansas 6A,Women,2014,733
200m,Kansas 6A,Women,2015,755
200m,Kansas 6A,Women,2016,763
200m,Kansas 6A,Women,2017,754
200m,Kansas 6A,Women,2018,749
200m,Kansas 6A,Women,2019,733
200m,Kansas 6A,Women,2021,733
200m,Kansas 6A,Women,2022,755
200m,Kansas 6A,Women,2023,761
200m,NAIA,Men,2010,949
200m,NAIA,Men,2011,960
200m,NAIA,Men,2012,957
200m,NAIA,Men,2013,933
200m,NAIA,Men,2014,957
200m,NAIA,Men,2015,962
200m,NAIA,Men,2016,960
200m,NAIA,Men,2017,971
200m,NAIA,Men,2018,977
200m,NAIA,Men,2019,972
200m,NAIA,Men,2021,971
200m,NAIA,Men,2022,994
200m,NAIA,Men,2023,1007
200m,NAIA,Women,2010,902
200m,NAIA,Women,2011,926
200m,NAIA,Women,2012,932
200m,NAIA,Women,2013,911
200m,NAIA,Women,2014,928
200m,NAIA,Women,2015,927
200m,NAIA,Women,2016,921
200m,NAIA,Women,2017,934
200m,NAIA,Women,2018,933
200m,NAIA,Women,2019,931
200m,NAIA,Women,2021,937
200m,NAIA,Women,2022,952
200m,NAIA,Women,2023,948
200m,NCAA D-I,Men,2010,1088
200m,NCAA D-I,Men,2011,1093
200m,NCAA D-I,Men,2012,1102
200m,NCAA D-I,Men,2013,1093
200m,NCAA D-I,Men,2014,1107
200m,NCAA D-I,Men,2015,1107
200m,NCAA D-I,Men,2016,1110
200m,NCAA D-I,Men,2017,1123
200m,NCAA D-I,Men,2018,1127
200m,NCAA D-I,Men,2019,1115
200m,NCAA D-I,Men,2021,1127
200m,NCAA D-I,Men,2022,1147
200m,NCAA D-I,Men,2023,1146
200m,NCAA D-I,Men,2024,1046
200m,NCAA D-I,Women,2010,1084
200m,NCAA D-I,Women,2011,1096
200m,NCAA D-I,Women,2012,1091
200m,NCAA D-I,Women,2013,1095
200m,NCAA D-I,Women,2014,1101
200m,NCAA D-I,Women,2015,1102
200m,NCAA D-I,Women,2016,1117
200m,NCAA D-I,Women,2017,1127
200m,NCAA D-I,Women,2018,1129
200m,NCAA D-I,Women,2019,1112
200m,NCAA D-I,Women,2021,1116
200m,NCAA D-I,Women,2022,1128
200m,NCAA D-I,Women,2023,1135
200m,NCAA D-I,Women,2024,1052
200m,NCAA D-II,Men,2010,996
200m,NCAA D-II,Men,2011,1000
200m,NCAA D-II,Men,2012,997
200m,NCAA D-II,Men,2013,1009
200m,NCAA D-II,Men,2014,1002
200m,NCAA D-II,Men,2015,1004
200m,NCAA D-II,Men,2016,1018
200m,NCAA D-II,Men,2017,1022
200m,NCAA D-II,Men,2018,1022
200m,NCAA D-II,Men,2019,1028
200m,NCAA D-II,Men,2021,1017
200m,NCAA D-II,Men,2022,1038
200m,NCAA D-II,Men,2023,1055
200m,NCAA D-II,Women,2010,961
200m,NCAA D-II,Women,2011,978
200m,NCAA D-II,Women,2012,978
200m,NCAA D-II,Women,2013,986
200m,NCAA D-II,Women,2014,980
200m,NCAA D-II,Women,2015,993
200m,NCAA D-II,Women,2016,991
200m,NCAA D-II,Women,2017,1002
200m,NCAA D-II,Women,2018,994
200m,NCAA D-II,Women,2019,1004
200m,NCAA D-II,Women,2021,990
200m,NCAA D-II,Women,2022,1014
200m,NCAA D-II,Women,2023,1030
200m,NCAA D-III,Men,2010,936
200m,NCAA D-III,Men,2011,933
200m,NCAA D-III,Men,2012,958
200m,NCAA D-III,Men,2013,941
200m,NCAA D-III,Men,2014,951
200m,NCAA D-III,Men,2015,958
200m,NCAA D-III,Men,2016,962
200m,NCAA D-III,Men,2017,970
200m,NCAA D-III,Men,2018,964
200m,NCAA D-III,Men,2019,968
200m,NCAA D-III,Men,2021,955
200m,NCAA D-III,Men,2022,990
200m,NCAA D-III,Men,2023,999
200m,NCAA D-III,Women,2010,900
200m,NCAA D-III,Women,2011,905
200m,NCAA D-III,Women,2012,928
200m,NCAA D-III,Women,2013,916
200m,NCAA D-III,Women,2014,926
200m,NCAA D-III,Women,2015,930
200m,NCAA D-III,Women,2016,931
200m,NCAA D-III,Women,2017,939
200m,NCAA D-III,Women,2018,931
200m,NCAA D-III,Women,2019,921
200m,NCAA D-III,Women,2021,924
200m,NCAA D-III,Women,2022,950
200m,NCAA D-III,Women,2023,949
200m,World,Men,2010,1149
200m,World,Men,2011,1157
200m,World,Men,2012,1162
200m,World,Men,2013,1162
200m,World,Men,2014,1170
200m,World,Men,2015,1178
200m,World,Men,2016,1182
200m,World,Men,2017,1176
200m,World,Men,2018,1182
200m,World,Men,2019,1180
200m,World,Men,2021,1181
200m,World,Men,2022,1192
200m,World,Men,2023,1189
200m,World,Women,2010,1142
200m,World,Women,2011,1149
200m,World,Women,2012,1158
200m,World,Women,2013,1149
200m,World,Women,2014,1150
200m,World,Women,2015,1163
200m,World,Women,2016,1168
200m,World,Women,2017,1163
200m,World,Women,2018,1167
200m,World,Women,2019,1159
200m,World,Women,2021,1173
200m,World,Women,2022,1179
200m,World,Women,2023,1182
3200m,Kansas 1A,Men,2010,310
3200m,Kansas 1A,Men,2011,438
3200m,Kansas 1A,Men,2012,290
3200m,Kansas 1A,Men,2013,325
3200m,Kansas 1A,Men,2014,336
3200m,Kansas 1A,Men,2015,344
3200m,Kansas 1A,Men,2016,339
3200m,Kansas 1A,Men,2017,341
3200m,Kansas 1A,Men,2018,302
3200m,Kansas 1A,Men,2019,319
3200m,Kansas 1A,Men,2021,254
3200m,Kansas 1A,Men,2022,232
3200m,Kansas 1A,Men,2023,262
3200m,Kansas 1A,Women,2010,484
3200m,Kansas 1A,Women,2011,622
3200m,Kansas 1A,Women,2012,400
3200m,Kansas 1A,Women,2013,431
3200m,Kansas 1A,Women,2014,392
3200m,Kansas 1A,Women,2015,378
3200m,Kansas 1A,Women,2016,387
3200m,Kansas 1A,Women,2017,375
3200m,Kansas 1A,Women,2018,341
3200m,Kansas 1A,Women,2019,367
3200m,Kansas 1A,Women,2021,351
3200m,Kansas 1A,Women,2022,348
3200m,Kansas 1A,Women,2023,374
3200m,Kansas 3A,Men,2010,330
3200m,Kansas 3A,Men,2011,341
3200m,Kansas 3A,Men,2012,325
3200m,Kansas 3A,Men,2013,322
3200m,Kansas 3A,Men,2014,334
3200m,Kansas 3A,Men,2015,368
3200m,Kansas 3A,Men,2016,364
3200m,Kansas 3A,Men,2017,394
3200m,Kansas 3A,Men,2018,386
3200m,Kansas 3A,Men,2019,396
3200m,Kansas 3A,Men,2021,410
3200m,Kansas 3A,Men,2022,422
3200m,Kansas 3A,Men,2023,433
3200m,Kansas 3A,Women,2010,449
3200m,Kansas 3A,Women,2011,538
3200m,Kansas 3A,Women,2012,470
3200m,Kansas 3A,Women,2013,481
3200m,Kansas 3A,Women,2014,491
3200m,Kansas 3A,Women,2015,478
3200m,Kansas 3A,Women,2016,466
3200m,Kansas 3A,Women,2017,467
3200m,Kansas 3A,Women,2018,433
3200m,Kansas 3A,Women,2019,449
3200m,Kansas 3A,Women,2021,471
3200m,Kansas 3A,Women,2022,431
3200m,Kansas 3A,Women,2023,464
3200m,Kansas 6A,Men,2010,561
3200m,Kansas 6A,Men,2011,522
3200m,Kansas 6A,Men,2012,591
3200m,Kansas 6A,Men,2013,578
3200m,Kansas 6A,Men,2014,602
3200m,Kansas 6A,Men,2015,599
3200m,Kansas 6A,Men,2016,593
3200m,Kansas 6A,Men,2017,587
3200m,Kansas 6A,Men,2018,598
3200m,Kansas 6A,Men,2019,601
3200m,Kansas 6A,Men,2021,604
3200m,Kansas 6A,Men,2022,616
3200m,Kansas 6A,Men,2023,634
3200m,Kansas 6A,Women,2010,603
3200m,Kansas 6A,Women,2011,578
3200m,Kansas 6A,Women,2012,625
3200m,Kansas 6A,Women,2013,621
3200m,Kansas 6A,Women,2014,636
3200m,Kansas 6A,Women,2015,627
3200m,Kansas 6A,Women,2016,632
3200m,Kansas 6A,Women,2017,657
3200m,Kansas 6A,Women,2018,657
3200m,Kansas 6A,Women,2019,653
3200m,Kansas 6A,Women,2021,622
3200m,Kansas 6A,Women,2022,639
3200m,Kansas 6A,Women,2023,622
400m,Kansas 1A,Men,2010,589
400m,Kansas 1A,Men,2011,602
400m,Kansas 1A,Men,2012,587
400m,Kansas 1A,Men,2013,602
400m,Kansas 1A,Men,2014,611
400m,Kansas 1A,Men,2015,606
400m,Kansas 1A,Men,2016,624
400m,Kansas 1A,Men,2017,612
400m,Kansas 1A,Men,2018,591
400m,Kansas 1A,Men,2019,578
400m,Kansas 1A,Men,2021,556
400m,Kansas 1A,Men,2022,560
400m,Kansas 1A,Men,2023,576
400m,Kansas 1A,Women,2010,575
400m,Kansas 1A,Women,2011,643
400m,Kansas 1A,Women,2012,617
400m,Kansas 1A,Women,2013,614
400m,Kansas 1A,Women,2014,627
400m,Kansas 1A,Women,2015,633
400m,Kansas 1A,Women,2016,643
400m,Kansas 1A,Women,2017,647
400m,Kansas 1A,Women,2018,644
400m,Kansas 1A,Women,2019,623
400m,Kansas 1A,Women,2021,625
400m,Kansas 1A,Women,2022,604
400m,Kansas 1A,Women,2023,625
400m,Kansas 3A,Men,2010,496
400m,Kansas 3A,Men,2011,680
400m,Kansas 3A,Men,2012,614
400m,Kansas 3A,Men,2013,586
400m,Kansas 3A,Men,2014,629
400m,Kansas 3A,Men,2015,619
400m,Kansas 3A,Men,2016,634
400m,Kansas 3A,Men,2017,637
400m,Kansas 3A,Men,2018,637
400m,Kansas 3A,Men,2019,633
400m,Kansas 3A,Men,2021,639
400m,Kansas 3A,Men,2022,638
400m,Kansas 3A,Men,2023,648
400m,Kansas 3A,Women,2010,560
400m,Kansas 3A,Women,2011,649
400m,Kansas 3A,Women,2012,658
400m,Kansas 3A,Women,2013,633
400m,Kansas 3A,Women,2014,661
400m,Kansas 3A,Women,2015,650
400m,Kansas 3A,Women,2016,680
400m,Kansas 3A,Women,2017,664
400m,Kansas 3A,Women,2018,681
400m,Kansas 3A,Women,2019,663
400m,Kansas 3A,Women,2021,674
400m,Kansas 3A,Women,2022,669
400m,Kansas 3A,Women,2023,686
400m,Kansas 6A,Men,2010,706
400m,Kansas 6A,Men,2011,605
400m,Kansas 6A,Men,2012,734
400m,Kansas 6A,Men,2013,698
400m,Kansas 6A,Men,2014,706
400m,Kansas 6A,Men,2015,709
400m,Kansas 6A,Men,2016,706
400m,Kansas 6A,Men,2017,691
400m,Kansas 6A,Men,2018,719
400m,Kansas 6A,Men,2019,690
400m,Kansas 6A,Men,2021,679
400m,Kansas 6A,Men,2022,696
400m,Kansas 6A,Men,2023,714
400m,Kansas 6A,Women,2010,697
400m,Kansas 6A,Women,2011,655
400m,Kansas 6A,Women,2012,716
400m,Kansas 6A,Women,2013,710
400m,Kansas 6A,Women,2014,720
400m,Kansas 6A,Women,2015,724
400m,Kansas 6A,Women,2016,715
400m,Kansas 6A,Women,2017,716
400m,Kansas 6A,Women,2018,718
400m,Kansas 6A,Women,2019,717
400m,Kansas 6A,Women,2021,700
400m,Kansas 6A,Women,2022,723
400m,Kansas 6A,Women,2023,747
400m,NAIA,Men,2010,924
400m,NAIA,Men,2011,932
400m,NAIA,Men,2012,929
400m,NAIA,Men,2013,904
400m,NAIA,Men,2014,926
400m,NAIA,Men,2015,926
400m,NAIA,Men,2016,922
400m,NAIA,Men,2017,927
400m,NAIA,Men,2018,934
400m,NAIA,Men,2019,942
400m,NAIA,Men,2021,913
400m,NAIA,Men,2022,944
400m,NAIA,Men,2023,951
400m,NAIA,Women,2010,900
400m,NAIA,Women,2011,910
400m,NAIA,Women,2012,915
400m,NAIA,Women,2013,885
400m,NAIA,Women,2014,910
400m,NAIA,Women,2015,916
400m,NAIA,Women,2016,905
400m,NAIA,Women,2017,904
400m,NAIA,Women,2018,913
400m,NAIA,Women,2019,912
400m,NAIA,Women,2021,893
400m,NAIA,Women,2022,911
400m,NAIA,Women,2023,920
400m,NCAA D-I,Men,2010,1080
400m,NCAA D-I,Men,2011,1082
400m,NCAA D-I,Men,2012,1086
400m,NCAA D-I,Men,2013,1077
400m,NCAA D-I,Men,2014,1081
400m,NCAA D-I,Men,2015,1086
400m,NCAA D-I,Men,2016,1092
400m,NCAA D-I,Men,2017,1097
400m,NCAA D-I,Men,2018,1098
400m,NCAA D-I,Men,2019,1097
400m,NCAA D-I,Men,2021,1105
400m,NCAA D-I,Men,2022,1115
400m,NCAA D-I,Men,2023,1126
400m,NCAA D-I,Men,2024,1001
400m,NCAA D-I,Women,2010,1064
400m,NCAA D-I,Women,2011,1069
400m,NCAA D-I,Women,2012,1078
400m,NCAA D-I,Women,2013,1081
400m,NCAA D-I,Women,2014,1082
400m,NCAA D-I,Women,2015,1090
400m,NCAA D-I,Women,2016,1091
400m,NCAA D-I,Women,2017,1087
400m,NCAA D-I,Women,2018,1098
400m,NCAA D-I,Women,2019,1091
400m,NCAA D-I,Women,2021,1097
400m,NCAA D-I,Women,2022,1104
400m,NCAA D-I,Women,2023,1114
400m,NCAA D-I,Women,2024,995
400m,NCAA D-II,Men,2010,976
400m,NCAA D-II,Men,2011,974
400m,NCAA D-II,Men,2012,986
400m,NCAA D-II,Men,2013,983
400m,NCAA D-II,Men,2014,978
400m,NCAA D-II,Men,2015,986
400m,NCAA D-II,Men,2016,993
400m,NCAA D-II,Men,2017,994
400m,NCAA D-II,Men,2018,997
400m,NCAA D-II,Men,2019,996
400m,NCAA D-II,Men,2021,971
400m,NCAA D-II,Men,2022,998
400m,NCAA D-II,Men,2023,1011
400m,NCAA D-II,Women,2010,948
400m,NCAA D-II,Women,2011,960
400m,NCAA D-II,Women,2012,972
400m,NCAA D-II,Women,2013,971
400m,NCAA D-II,Women,2014,973
400m,NCAA D-II,Women,2015,981
400m,NCAA D-II,Women,2016,980
400m,NCAA D-II,Women,2017,982
400m,NCAA D-II,Women,2018,977
400m,NCAA D-II,Women,2019,986
400m,NCAA D-II,Women,2021,965
400m,NCAA D-II,Women,2022,979
400m,NCAA D-II,Women,2023,999
400m,NCAA D-III,Men,2010,928
400m,NCAA D-III,Men,2011,937
400m,NCAA D-III,Men,2012,942
400m,NCAA D-III,Men,2013,942
400m,NCAA D-III,Men,2014,938
400m,NCAA D-III,Men,2015,947
400m,NCAA D-III,Men,2016,953
400m,NCAA D-III,Men,2017,950
400m,NCAA D-III,Men,2018,947
400m,NCAA D-III,Men,2019,942
400m,NCAA D-III,Men,2021,931
400m,NCAA D-III,Men,2022,952
400m,NCAA D-III,Men,2023,975
400m,NCAA D-III,Women,2010,914
400m,NCAA D-III,Women,2011,917
400m,NCAA D-III,Women,2012,923
400m,NCAA D-III,Women,2013,917
400m,NCAA D-III,Women,2014,930
400m,NCAA D-III,Women,2015,940
400m,NCAA D-III,Women,2016,940
400m,NCAA D-III,Women,2017,935
400m,NCAA D-III,Women,2018,923
400m,NCAA D-III,Women,2019,925
400m,NCAA D-III,Women,2021,909
400m,NCAA D-III,Women,2022,927
400m,NCAA D-III,Women,2023,937
400m,World,Men,2010,1156
400m,World,Men,2011,1153
400m,World,Men,2012,1160
400m,World,Men,2013,1152
400m,World,Men,2014,1163
400m,World,Men,2015,1178
400m,World,Men,2016,1168
400m,World,Men,2017,1172
400m,World,Men,2018,1175
400m,World,Men,2019,1170
400m,World,Men,2021,1170
400m,World,Men,2022,1176
400m,World,Men,2023,1188
400m,World,Women,2010,1139
400m,World,Women,2011,1144
400m,World,Women,2012,1152
400m,World,Women,2013,1147
400m,World,Women,2014,1146
400m,World,Women,2015,1149
400m,World,Women,2016,1150
400m,World,Women,2017,1149
400m,World,Women,2018,1154
400m,World,Women,2019,1151
400m,World,Women,2021,1167
400m,World,Women,2022,1164
400m,World,Women,2023,1172
5000m,NAIA,Men,2010,803
5000m,NAIA,Men,2011,822
5000m,NAIA,Men,2012,814
5000m,NAIA,Men,2013,802
5000m,NAIA,Men,2014,798
5000m,NAIA,Men,2015,807
5000m,NAIA,Men,2016,782
5000m,NAIA,Men,2017,780
5000m,NAIA,Men,2018,789
5000m,NAIA,Men,2019,779
5000m,NAIA,Men,2021,818
5000m,NAIA,Men,2022,834
5000m,NAIA,Men,2023,839
5000m,NAIA,Women,2010,825
5000m,NAIA,Women,2011,845
5000m,NAIA,Women,2012,834
5000m,NAIA,Women,2013,828
5000m,NAIA,Women,2014,829
5000m,NAIA,Women,2015,837
5000m,NAIA,Women,2016,826
5000m,NAIA,Women,2017,829
5000m,NAIA,Women,2018,815
5000m,NAIA,Women,2019,832
5000m,NAIA,Women,2021,842
5000m,NAIA,Women,2022,853
5000m,NAIA,Women,2023,849
5000m,NCAA D-I,Men,2010,1021
5000m,NCAA D-I,Men,2011,1020
5000m,NCAA D-I,Men,2012,1024
5000m,NCAA D-I,Men,2013,1018
5000m,NCAA D-I,Men,2014,1022
5000m,NCAA D-I,Men,2015,1025
5000m,NCAA D-I,Men,2016,1025
5000m,NCAA D-I,Men,2017,1021
5000m,NCAA D-I,Men,2018,1030
5000m,NCAA D-I,Men,2019,1030
5000m,NCAA D-I,Men,2021,1061
5000m,NCAA D-I,Men,2022,1079
5000m,NCAA D-I,Men,2023,1066
5000m,NCAA D-I,Men,2024,851
5000m,NCAA D-I,Women,2010,1021
5000m,NCAA D-I,Women,2011,1022
5000m,NCAA D-I,Women,2012,1030
5000m,NCAA D-I,Women,2013,1039
5000m,NCAA D-I,Women,2014,1043
5000m,NCAA D-I,Women,2015,1039
5000m,NCAA D-I,Women,2016,1032
5000m,NCAA D-I,Women,2017,1042
5000m,NCAA D-I,Women,2018,1044
5000m,NCAA D-I,Women,2019,1048
5000m,NCAA D-I,Women,2021,1065
5000m,NCAA D-I,Women,2022,1059
5000m,NCAA D-I,Women,2023,1065
5000m,NCAA D-I,Women,2024,889
5000m,NCAA D-II,Men,2010,875
5000m,NCAA D-II,Men,2011,881
5000m,NCAA D-II,Men,2012,882
5000m,NCAA D-II,Men,2013,880
5000m,NCAA D-II,Men,2014,892
5000m,NCAA D-II,Men,2015,891
5000m,NCAA D-II,Men,2016,898
5000m,NCAA D-II,Men,2017,893
5000m,NCAA D-II,Men,2018,900
5000m,NCAA D-II,Men,2019,894
5000m,NCAA D-II,Men,2021,948
5000m,NCAA D-II,Men,2022,951
5000m,NCAA D-II,Men,2023,951
5000m,NCAA D-II,Women,2010,903
5000m,NCAA D-II,Women,2011,907
5000m,NCAA D-II,Women,2012,905
5000m,NCAA D-II,Women,2013,900
5000m,NCAA D-II,Women,2014,907
5000m,NCAA D-II,Women,2015,915
5000m,NCAA D-II,Women,2016,932
5000m,NCAA D-II,Women,2017,929
5000m,NCAA D-II,Women,2018,928
5000m,NCAA D-II,Women,2019,919
5000m,NCAA D-II,Women,2021,930
5000m,NCAA D-II,Women,2022,945
5000m,NCAA D-II,Women,2023,954
5000m,NCAA D-III,Men,2010,843
5000m,NCAA D-III,Men,2011,850
5000m,NCAA D-III,Men,2012,866
5000m,NCAA D-III,Men,2013,865
5000m,NCAA D-III,Men,2014,869
5000m,NCAA D-III,Men,2015,858
5000m,NCAA D-III,Men,2016,869
5000m,NCAA D-III,Men,2017,866
5000m,NCAA D-III,Men,2018,866
5000m,NCAA D-III,Men,2019,870
5000m,NCAA D-III,Men,2021,860
5000m,NCAA D-III,Men,2022,901
5000m,NCAA D-III,Men,2023,918
5000m,NCAA D-III,Women,2010,876
5000m,NCAA D-III,Women,2011,879
5000m,NCAA D-III,Women,2012,894
5000m,NCAA D-III,Women,2013,893
5000m,NCAA D-III,Women,2014,901
5000m,NCAA D-III,Women,2015,887
5000m,NCAA D-III,Women,2016,899
5000m,NCAA D-III,Women,2017,899
5000m,NCAA D-III,Women,2018,903
5000m,NCAA D-III,Women,2019,891
5000m,NCAA D-III,Women,2021,872
5000m,NCAA D-III,Women,2022,907
5000m,NCAA D-III,Women,2023,917
5000m,World,Men,2010,1167
5000m,World,Men,2011,1161
5000m,World,Men,2012,1168
5000m,World,Men,2013,1156
5000m,World,Men,2014,1148
5000m,World,Men,2015,1153
5000m,World,Men,2016,1157
5000m,World,Men,2017,1151
5000m,World,Men,2018,1147
5000m,World,Men,2019,1158
5000m,World,Men,2021,1166
5000m,World,Men,2022,1182
5000m,World,Men,2023,1186
5000m,World,Women,2010,1137
5000m,World,Women,2011,1137
5000m,World,Women,2012,1136
5000m,World,Women,2013,1134
5000m,World,Women,2014,1131
5000m,World,Women,2015,1135
5000m,World,Women,2016,1151
5000m,World,Women,2017,1149
5000m,World,Women,2018,1139
5000m,World,Women,2019,1157
5000m,World,Women,2021,1173
5000m,World,Women,2022,1166
5000m,World,Women,2023,1177
800m,Kansas 1A,Men,2010,424
800m,Kansas 1A,Men,2011,487
800m,Kansas 1A,Men,2012,428
800m,Kansas 1A,Men,2013,462
800m,Kansas 1A,Men,2014,493
800m,Kansas 1A,Men,2015,495
800m,Kansas 1A,Men,2016,525
800m,Kansas 1A,Men,2017,483
800m,Kansas 1A,Men,2018,463
800m,Kansas 1A,Men,2019,450
800m,Kansas 1A,Men,2021,404
800m,Kansas 1A,Men,2022,394
800m,Kansas 1A,Men,2023,430
800m,Kansas 1A,Women,2010,443
800m,Kansas 1A,Women,2011,619
800m,Kansas 1A,Women,2012,491
800m,Kansas 1A,Women,2013,514
800m,Kansas 1A,Women,2014,537
800m,Kansas 1A,Women,2015,548
800m,Kansas 1A,Women,2016,534
800m,Kansas 1A,Women,2017,514
800m,Kansas 1A,Women,2018,497
800m,Kansas 1A,Women,2019,503
800m,Kansas 1A,Women,2021,498
800m,Kansas 1A,Women,2022,483
800m,Kansas 1A,Women,2023,513
800m,Kansas 3A,Men,2010,452
800m,Kansas 3A,Men,2011,482
800m,Kansas 3A,Men,2012,483
800m,Kansas 3A,Men,2013,448
800m,Kansas 3A,Men,2014,477
800m,Kansas 3A,Men,2015,476
800m,Kansas 3A,Men,2016,519
800m,Kansas 3A,Men,2017,504
800m,Kansas 3A,Men,2018,504
800m,Kansas 3A,Men,2019,508
800m,Kansas 3A,Men,2021,542
800m,Kansas 3A,Men,2022,525
800m,Kansas 3A,Men,2023,557
800m,Kansas 3A,Women,2010,472
800m,Kansas 3A,Women,2011,524
800m,Kansas 3A,Women,2012,513
800m,Kansas 3A,Women,2013,545
800m,Kansas 3A,Women,2014,564
800m,Kansas 3A,Women,2015,551
800m,Kansas 3A,Women,2016,556
800m,Kansas 3A,Women,2017,581
800m,Kansas 3A,Women,2018,563
800m,Kansas 3A,Women,2019,562
800m,Kansas 3A,Women,2021,582
800m,Kansas 3A,Women,2022,561
800m,Kansas 3A,Women,2023,581
800m,Kansas 6A,Men,2010,645
800m,Kansas 6A,Men,2011,509
800m,Kansas 6A,Men,2012,658
800m,Kansas 6A,Men,2013,634
800m,Kansas 6A,Men,2014,670
800m,Kansas 6A,Men,2015,674
800m,Kansas 6A,Men,2016,656
800m,Kansas 6A,Men,2017,652
800m,Kansas 6A,Men,2018,657
800m,Kansas 6A,Men,2019,661
800m,Kansas 6A,Men,2021,661
800m,Kansas 6A,Men,2022,681
800m,Kansas 6A,Men,2023,700
800m,Kansas 6A,Women,2010,647
800m,Kansas 6A,Women,2011,578
800m,Kansas 6A,Women,2012,672
800m,Kansas 6A,Women,2013,638
800m,Kansas 6A,Women,2014,664
800m,Kansas 6A,Women,2015,676
800m,Kansas 6A,Women,2016,679
800m,Kansas 6A,Women,2017,686
800m,Kansas 6A,Women,2018,679
800m,Kansas 6A,Women,2019,670
800m,Kansas 6A,Women,2021,664
800m,Kansas 6A,Women,2022,682
800m,Kansas 6A,Women,2023,691
800m,NAIA,Men,2010,912
800m,NAIA,Men,2011,912
800m,NAIA,Men,2012,916
800m,NAIA,Men,2013,903
800m,NAIA,Men,2014,919
800m,NAIA,Men,2015,910
800m,NAIA,Men,2016,900
800m,NAIA,Men,2017,915
800m,NAIA,Men,2018,895
800m,NAIA,Men,2019,899
800m,NAIA,Men,2021,887
800m,NAIA,Men,2022,928
800m,NAIA,Men,2023,936
800m,NAIA,Women,2010,876
800m,NAIA,Women,2011,885
800m,NAIA,Women,2012,876
800m,NAIA,Women,2013,869
800m,NAIA,Women,2014,882
800m,NAIA,Women,2015,900
800m,NAIA,Women,2016,880
800m,NAIA,Women,2017,881
800m,NAIA,Women,2018,866
800m,NAIA,Women,2019,867
800m,NAIA,Women,2021,851
800m,NAIA,Women,2022,865
800m,NAIA,Women,2023,873
800m,NCAA D-I,Men,2010,1057
800m,NCAA D-I,Men,2011,1055
800m,NCAA D-I,Men,2012,1063
800m,NCAA D-I,Men,2013,1051
800m,NCAA D-I,Men,2014,1059
800m,NCAA D-I,Men,2015,1073
800m,NCAA D-I,Men,2016,1079
800m,NCAA D-I,Men,2017,1072
800m,NCAA D-I,Men,2018,1066
800m,NCAA D-I,Men,2019,1063
800m,NCAA D-I,Men,2021,1072
800m,NCAA D-I,Men,2022,1082
800m,NCAA D-I,Men,2023,1085
800m,NCAA D-I,Men,2024,954
800m,NCAA D-I,Women,2010,1043
800m,NCAA D-I,Women,2011,1048
800m,NCAA D-I,Women,2012,1055
800m,NCAA D-I,Women,2013,1055
800m,NCAA D-I,Women,2014,1056
800m,NCAA D-I,Women,2015,1060
800m,NCAA D-I,Women,2016,1060
800m,NCAA D-I,Women,2017,1061
800m,NCAA D-I,Women,2018,1060
800m,NCAA D-I,Women,2019,1064
800m,NCAA D-I,Women,2021,1075
800m,NCAA D-I,Women,2022,1080
800m,NCAA D-I,Women,2023,1084
800m,NCAA D-I,Women,2024,961
800m,NCAA D-II,Men,2010,944
800m,NCAA D-II,Men,2011,939
800m,NCAA D-II,Men,2012,957
800m,NCAA D-II,Men,2013,961
800m,NCAA D-II,Men,2014,954
800m,NCAA D-II,Men,2015,968
800m,NCAA D-II,Men,2016,973
800m,NCAA D-II,Men,2017,969
800m,NCAA D-II,Men,2018,977
800m,NCAA D-II,Men,2019,972
800m,NCAA D-II,Men,2021,975
800m,NCAA D-II,Men,2022,1002
800m,NCAA D-II,Men,2023,1001
800m,NCAA D-II,Women,2010,914
800m,NCAA D-II,Women,2011,914
800m,NCAA D-II,Women,2012,925
800m,NCAA D-II,Women,2013,931
800m,NCAA D-II,Women,2014,941
800m,NCAA D-II,Women,2015,950
800m,NCAA D-II,Women,2016,951
800m,NCAA D-II,Women,2017,963
800m,NCAA D-II,Women,2018,952
800m,NCAA D-II,Women,2019,953
800m,NCAA D-II,Women,2021,936
800m,NCAA D-II,Women,2022,967
800m,NCAA D-II,Women,2023,971
800m,NCAA D-III,Men,2010,932
800m,NCAA D-III,Men,2011,936
800m,NCAA D-III,Men,2012,946
800m,NCAA D-III,Men,2013,935
800m,NCAA D-III,Men,2014,950
800m,NCAA D-III,Men,2015,949
800m,NCAA D-III,Men,2016,958
800m,NCAA D-III,Men,2017,947
800m,NCAA D-III,Men,2018,940
800m,NCAA D-III,Men,2019,935
800m,NCAA D-III,Men,2021,938
800m,NCAA D-III,Men,2022,962
800m,NCAA D-III,Men,2023,979
800m,NCAA D-III,Women,2010,915
800m,NCAA D-III,Women,2011,911
800m,NCAA D-III,Women,2012,921
800m,NCAA D-III,Women,2013,913
800m,NCAA D-III,Women,2014,917
800m,NCAA D-III,Women,2015,931
800m,NCAA D-III,Women,2016,930
800m,NCAA D-III,Women,2017,923
800m,NCAA D-III,Women,2018,917
800m,NCAA D-III,Women,2019,909
800m,NCAA D-III,Women,2021,904
800m,NCAA D-III,Women,2022,924
800m,NCAA D-III,Women,2023,925
800m,World,Men,2010,1153
800m,World,Men,2011,1163
800m,World,Men,2012,1168
800m,World,Men,2013,1163
800m,World,Men,2014,1161
800m,World,Men,2015,1162
800m,World,Men,2016,1164
800m,World,Men,2017,1162
800m,World,Men,2018,1162
800m,World,Men,2019,1166
800m,World,Men,2021,1179
800m,World,Men,2022,1174
800m,World,Men,2023,1177
800m,World,Women,2010,1156
800m,World,Women,2011,1158
800m,World,Women,2012,1163
800m,World,Women,2013,1154
800m,World,Women,2014,1150
800m,World,Women,2015,1156
800m,World,Women,2016,1159
800m,World,Women,2017,1158
800m,World,Women,2018,1158
800m,World,Women,2019,1152
800m,World,Women,2021,1170
800m,World,Women,2022,1168
800m,World,Women,2023,1173
Discus,Kansas 1A,Men,2010,611
Discus,Kansas 1A,Men,2011,578
Discus,Kansas 1A,Men,2012,626
Discus,Kansas 1A,Men,2013,645
Discus,Kansas 1A,Men,2014,658
Discus,Kansas 1A,Men,2015,650
Discus,Kansas 1A,Men,2016,653
Discus,Kansas 1A,Men,2017,643
Discus,Kansas 1A,Men,2018,648
Discus,Kansas 1A,Men,2019,653
Discus,Kansas 1A,Men,2021,633
Discus,Kansas 1A,Men,2022,644
Discus,Kansas 1A,Men,2023,651
Discus,Kansas 1A,Women,2010,490
Discus,Kansas 1A,Women,2011,500
Discus,Kansas 1A,Women,2012,485
Discus,Kansas 1A,Women,2013,493
Discus,Kansas 1A,Women,2014,490
Discus,Kansas 1A,Women,2015,504
Discus,Kansas 1A,Women,2016,521
Discus,Kansas 1A,Women,2017,517
Discus,Kansas 1A,Women,2018,509
Discus,Kansas 1A,Women,2019,515
Discus,Kansas 1A,Women,2021,502
Discus,Kansas 1A,Women,2022,509
Discus,Kansas 1A,Women,2023,515
Discus,Kansas 3A,Men,2010,608
Discus,Kansas 3A,Men,2011,596
Discus,Kansas 3A,Men,2012,628
Discus,Kansas 3A,Men,2013,641
Discus,Kansas 3A,Men,2014,633
Discus,Kansas 3A,Men,2015,630
Discus,Kansas 3A,Men,2016,648
Discus,Kansas 3A,Men,2017,650
Discus,Kansas 3A,Men,2018,653
Discus,Kansas 3A,Men,2019,682
Discus,Kansas 3A,Men,2021,657
Discus,Kansas 3A,Men,2022,676
Discus,Kansas 3A,Men,2023,694
Discus,Kansas 3A,Women,2010,443
Discus,Kansas 3A,Women,2011,496
Discus,Kansas 3A,Women,2012,470
Discus,Kansas 3A,Women,2013,465
Discus,Kansas 3A,Women,2014,484
Discus,Kansas 3A,Women,2015,498
Discus,Kansas 3A,Women,2016,519
Discus,Kansas 3A,Women,2017,520
Discus,Kansas 3A,Women,2018,522
Discus,Kansas 3A,Women,2019,526
Discus,Kansas 3A,Women,2021,508
Discus,Kansas 3A,Women,2022,518
Discus,Kansas 3A,Women,2023,521
Discus,Kansas 6A,Men,2010,672
Discus,Kansas 6A,Men,2011,629
Discus,Kansas 6A,Men,2012,652
Discus,Kansas 6A,Men,2013,661
Discus,Kansas 6A,Men,2014,657
Discus,Kansas 6A,Men,2015,664
Discus,Kansas 6A,Men,2016,670
Discus,Kansas 6A,Men,2017,670
Discus,Kansas 6A,Men,2018,673
Discus,Kansas 6A,Men,2019,663
Discus,Kansas 6A,Men,2021,670
Discus,Kansas 6A,Men,2022,672
Discus,Kansas 6A,Men,2023,679
Discus,Kansas 6A,Women,2010,483
Discus,Kansas 6A,Women,2011,482
Discus,Kansas 6A,Women,2012,492
Discus,Kansas 6A,Women,2013,498
Discus,Kansas 6A,Women,2014,501
Discus,Kansas 6A,Women,2015,495
Discus,Kansas 6A,Women,2016,480
Discus,Kansas 6A,Women,2017,489
Discus,Kansas 6A,Women,2018,491
Discus,Kansas 6A,Women,2019,499
Discus,Kansas 6A,Women,2021,482
Discus,Kansas 6A,Women,2022,472
Discus,Kansas 6A,Women,2023,498
Discus,NAIA,Men,2010,787
Discus,NAIA,Men,2011,806
Discus,NAIA,Men,2012,800
Discus,NAIA,Men,2013,796
Discus,NAIA,Men,2014,814
Discus,NAIA,Men,2015,803
Discus,NAIA,Men,2016,799
Discus,NAIA,Men,2017,803
Discus,NAIA,Men,2018,810
Discus,NAIA,Men,2019,802
Discus,NAIA,Men,2021,805
Discus,NAIA,Men,2022,818
Discus,NAIA,Men,2023,822
Discus,NAIA,Women,2010,692
Discus,NAIA,Women,2011,706
Discus,NAIA,Women,2012,698
Discus,NAIA,Women,2013,696
Discus,NAIA,Women,2014,716
Discus,NAIA,Women,2015,718
Discus,NAIA,Women,2016,708
Discus,NAIA,Women,2017,722
Discus,NAIA,Women,2018,719
Discus,NAIA,Women,2019,712
Discus,NAIA,Women,2021,720
Discus,NAIA,Women,2022,736
Discus,NAIA,Women,2023,735
Discus,NCAA D-I,Men,2010,964
Discus,NCAA D-I,Men,2011,964
Discus,NCAA D-I,Men,2012,968
Discus,NCAA D-I,Men,2013,983
Discus,NCAA D-I,Men,2014,1003
Discus,NCAA D-I,Men,2015,995
Discus,NCAA D-I,Men,2016,992
Discus,NCAA D-I,Men,2017,995
Discus,NCAA D-I,Men,2018,990
Discus,NCAA D-I,Men,2019,990
Discus,NCAA D-I,Men,2021,994
Discus,NCAA D-I,Men,2022,1017
Discus,NCAA D-I,Men,2023,1019
Discus,NCAA D-I,Men,2024,926
Discus,NCAA D-I,Women,2010,902
Discus,NCAA D-I,Women,2011,912
Discus,NCAA D-I,Women,2012,921
Discus,NCAA D-I,Women,2013,927
Discus,NCAA D-I,Women,2014,937
Discus,NCAA D-I,Women,2015,944
Discus,NCAA D-I,Women,2016,942
Discus,NCAA D-I,Women,2017,942
Discus,NCAA D-I,Women,2018,952
Discus,NCAA D-I,Women,2019,950
Discus,NCAA D-I,Women,2021,964
Discus,NCAA D-I,Women,2022,966
Discus,NCAA D-I,Women,2023,970
Discus,NCAA D-I,Women,2024,864
Discus,NCAA D-II,Men,2010,847
Discus,NCAA D-II,Men,2011,862
Discus,NCAA D-II,Men,2012,856
Discus,NCAA D-II,Men,2013,867
Discus,NCAA D-II,Men,2014,858
Discus,NCAA D-II,Men,2015,871
Discus,NCAA D-II,Men,2016,867
Discus,NCAA D-II,Men,2017,871
Discus,NCAA D-II,Men,2018,878
Discus,NCAA D-II,Men,2019,884
Discus,NCAA D-II,Men,2021,884
Discus,NCAA D-II,Men,2022,885
Discus,NCAA D-II,Men,2023,880
Discus,NCAA D-II,Women,2010,740
Discus,NCAA D-II,Women,2011,765
Discus,NCAA D-II,Women,2012,782
Discus,NCAA D-II,Women,2013,773
Discus,NCAA D-II,Women,2014,780
Discus,NCAA D-II,Women,2015,793
Discus,NCAA D-II,Women,2016,796
Discus,NCAA D-II,Women,2017,806
Discus,NCAA D-II,Women,2018,813
Discus,NCAA D-II,Women,2019,821
Discus,NCAA D-II,Women,2021,805
Discus,NCAA D-II,Women,2022,798
Discus,NCAA D-II,Women,2023,790
Discus,NCAA D-III,Men,2010,833
Discus,NCAA D-III,Men,2011,837
Discus,NCAA D-III,Men,2012,838
Discus,NCAA D-III,Men,2013,831
Discus,NCAA D-III,Men,2014,825
Discus,NCAA D-III,Men,2015,832
Discus,NCAA D-III,Men,2016,822
Discus,NCAA D-III,Men,2017,833
Discus,NCAA D-III,Men,2018,837
Discus,NCAA D-III,Men,2019,834
Discus,NCAA D-III,Men,2021,816
Discus,NCAA D-III,Men,2022,830
Discus,NCAA D-III,Men,2023,836
Discus,NCAA D-III,Women,2010,713
Discus,NCAA D-III,Women,2011,729
Discus,NCAA D-III,Women,2012,731
Discus,NCAA D-III,Women,2013,723
Discus,NCAA D-III,Women,2014,729
Discus,NCAA D-III,Women,2015,737
Discus,NCAA D-III,Women,2016,749
Discus,NCAA D-III,Women,2017,745
Discus,NCAA D-III,Women,2018,743
Discus,NCAA D-III,Women,2019,741
Discus,NCAA D-III,Women,2021,730
Discus,NCAA D-III,Women,2022,739
Discus,NCAA D-III,Women,2023,749
Discus,World,Men,2010,1119
Discus,World,Men,2011,1125
Discus,World,Men,2012,1136
Discus,World,Men,2013,1122
Discus,World,Men,2014,1124
Discus,World,Men,2015,1120
Discus,World,Men,2016,1134
Discus,World,Men,2017,1122
Discus,World,Men,2018,1123
Discus,World,Men,2019,1122
Discus,World,Men,2021,1131
Discus,World,Men,2022,1128
Discus,World,Men,2023,1134
Discus,World,Women,2010,1056
Discus,World,Women,2011,1067
Discus,World,Women,2012,1083
Discus,World,Women,2013,1068
Discus,World,Women,2014,1068
Discus,World,Women,2015,1073
Discus,World,Women,2016,1083
Discus,World,Women,2017,1069
Discus,World,Women,2018,1064
Discus,World,Women,2019,1074
Discus,World,Women,2021,1087
Discus,World,Women,2022,1071
Discus,World,Women,2023,1075
High Jump,Kansas 1A,Men,2010,668
High Jump,Kansas 1A,Men,2011,726
High Jump,Kansas 1A,Men,2012,646
High Jump,Kansas 1A,Men,2013,670
High Jump,Kansas 1A,Men,2014,663
High Jump,Kansas 1A,Men,2015,647
High Jump,Kansas 1A,Men,2016,667
High Jump,Kansas 1A,Men,2017,658
High Jump,Kansas 1A,Men,2018,651
High Jump,Kansas 1A,Men,2019,644
High Jump,Kansas 1A,Men,2021,654
High Jump,Kansas 1A,Men,2022,669
High Jump,Kansas 1A,Men,2023,655
High Jump,Kansas 1A,Women,2010,621
High Jump,Kansas 1A,Women,2011,667
High Jump,Kansas 1A,Women,2012,657
High Jump,Kansas 1A,Women,2013,628
High Jump,Kansas 1A,Women,2014,639
High Jump,Kansas 1A,Women,2015,607
High Jump,Kansas 1A,Women,2016,639
High Jump,Kansas 1A,Women,2017,648
High Jump,Kansas 1A,Women,2018,649
High Jump,Kansas 1A,Women,2019,623
High Jump,Kansas 1A,Women,2021,607
High Jump,Kansas 1A,Women,2022,636
High Jump,Kansas 1A,Women,2023,649
High Jump,Kansas 3A,Men,2010,683
High Jump,Kansas 3A,Men,2011,709
High Jump,Kansas 3A,Men,2012,652
High Jump,Kansas 3A,Men,2013,659
High Jump,Kansas 3A,Men,2014,670
High Jump,Kansas 3A,Men,2015,667
High Jump,Kansas 3A,Men,2016,670
High Jump,Kansas 3A,Men,2017,668
High Jump,Kansas 3A,Men,2018,681
High Jump,Kansas 3A,Men,2019,651
High Jump,Kansas 3A,Men,2021,669
High Jump,Kansas 3A,Men,2022,680
High Jump,Kansas 3A,Men,2023,655
High Jump,Kansas 3A,Women,2010,670
High Jump,Kansas 3A,Women,2011,693
High Jump,Kansas 3A,Women,2012,655
High Jump,Kansas 3A,Women,2013,643
High Jump,Kansas 3A,Women,2014,638
High Jump,Kansas 3A,Women,2015,639
High Jump,Kansas 3A,Women,2016,631
High Jump,Kansas 3A,Women,2017,648
High Jump,Kansas 3A,Women,2018,661
High Jump,Kansas 3A,Women,2019,640
High Jump,Kansas 3A,Women,2021,626
High Jump,Kansas 3A,Women,2022,661
High Jump,Kansas 3A,Women,2023,672
High Jump,Kansas 6A,Men,2010,714
High Jump,Kansas 6A,Men,2011,696
High Jump,Kansas 6A,Men,2012,725
High Jump,Kansas 6A,Men,2013,699
High Jump,Kansas 6A,Men,2014,712
High Jump,Kansas 6A,Men,2015,679
High Jump,Kansas 6A,Men,2016,695
High Jump,Kansas 6A,Men,2017,724
High Jump,Kansas 6A,Men,2018,697
High Jump,Kansas 6A,Men,2019,698
High Jump,Kansas 6A,Men,2021,683
High Jump,Kansas 6A,Men,2022,704
High Jump,Kansas 6A,Men,2023,705
High Jump,Kansas 6A,Women,2010,693
High Jump,Kansas 6A,Women,2011,689
High Jump,Kansas 6A,Women,2012,670
High Jump,Kansas 6A,Women,2013,671
High Jump,Kansas 6A,Women,2014,677
High Jump,Kansas 6A,Women,2015,679
High Jump,Kansas 6A,Women,2016,690
High Jump,Kansas 6A,Women,2017,672
High Jump,Kansas 6A,Women,2018,681
High Jump,Kansas 6A,Women,2019,667
High Jump,Kansas 6A,Women,2021,668
High Jump,Kansas 6A,Women,2022,654
High Jump,Kansas 6A,Women,2023,648
High Jump,NAIA,Men,2010,862
High Jump,NAIA,Men,2011,890
High Jump,NAIA,Men,2012,887
High Jump,NAIA,Men,2013,886
High Jump,NAIA,Men,2014,893
High Jump,NAIA,Men,2015,887
High Jump,NAIA,Men,2016,867
High Jump,NAIA,Men,2017,878
High Jump,NAIA,Men,2018,876
High Jump,NAIA,Men,2019,894
High Jump,NAIA,Men,2021,881
High Jump,NAIA,Men,2022,889
High Jump,NAIA,Men,2023,887
High Jump,NAIA,Women,2010,805
High Jump,NAIA,Women,2011,829
High Jump,NAIA,Women,2012,824
High Jump,NAIA,Women,2013,826
High Jump,NAIA,Women,2014,838
High Jump,NAIA,Women,2015,826
High Jump,NAIA,Women,2016,828
High Jump,NAIA,Women,2017,807
High Jump,NAIA,Women,2018,824
High Jump,NAIA,Women,2019,837
High Jump,NAIA,Women,2021,829
High Jump,NAIA,Women,2022,844
High Jump,NAIA,Women,2023,830
High Jump,NCAA D-I,Men,2010,1033
High Jump,NCAA D-I,Men,2011,1041
High Jump,NCAA D-I,Men,2012,1045
High Jump,NCAA D-I,Men,2013,1044
High Jump,NCAA D-I,Men,2014,1043
High Jump,NCAA D-I,Men,2015,1037
High Jump,NCAA D-I,Men,2016,1050
High Jump,NCAA D-I,Men,2017,1039
High Jump,NCAA D-I,Men,2018,1052
High Jump,NCAA D-I,Men,2019,1044
High Jump,NCAA D-I,Men,2021,1044
High Jump,NCAA D-I,Men,2022,1041
High Jump,NCAA D-I,Men,2023,1031
High Jump,NCAA D-I,Men,2024,922
High Jump,NCAA D-I,Women,2010,1001
High Jump,NCAA D-I,Women,2011,1000
High Jump,NCAA D-I,Women,2012,1009
High Jump,NCAA D-I,Women,2013,1009
High Jump,NCAA D-I,Women,2014,1006
High Jump,NCAA D-I,Women,2015,1015
High Jump,NCAA D-I,Women,2016,1003
High Jump,NCAA D-I,Women,2017,1001
High Jump,NCAA D-I,Women,2018,1008
High Jump,NCAA D-I,Women,2019,1003
High Jump,NCAA D-I,Women,2021,1009
High Jump,NCAA D-I,Women,2022,1017
High Jump,NCAA D-I,Women,2023,1011
High Jump,NCAA D-I,Women,2024,909
High Jump,NCAA D-II,Men,2010,927
High Jump,NCAA D-II,Men,2011,936
High Jump,NCAA D-II,Men,2012,941
High Jump,NCAA D-II,Men,2013,929
High Jump,NCAA D-II,Men,2014,936
High Jump,NCAA D-II,Men,2015,940
High Jump,NCAA D-II,Men,2016,950
High Jump,NCAA D-II,Men,2017,943
High Jump,NCAA D-II,Men,2018,951
High Jump,NCAA D-II,Men,2019,946
High Jump,NCAA D-II,Men,2021,927
High Jump,NCAA D-II,Men,2022,955
High Jump,NCAA D-II,Men,2023,954
High Jump,NCAA D-II,Women,2010,878
High Jump,NCAA D-II,Women,2011,886
High Jump,NCAA D-II,Women,2012,908
High Jump,NCAA D-II,Women,2013,899
High Jump,NCAA D-II,Women,2014,883
High Jump,NCAA D-II,Women,2015,898
High Jump,NCAA D-II,Women,2016,899
High Jump,NCAA D-II,Women,2017,903
High Jump,NCAA D-II,Women,2018,896
High Jump,NCAA D-II,Women,2019,902
High Jump,NCAA D-II,Women,2021,896
High Jump,NCAA D-II,Women,2022,912
High Jump,NCAA D-II,Women,2023,889
High Jump,NCAA D-III,Men,2010,893
High Jump,NCAA D-III,Men,2011,903
High Jump,NCAA D-III,Men,2012,912
High Jump,NCAA D-III,Men,2013,906
High Jump,NCAA D-III,Men,2014,912
High Jump,NCAA D-III,Men,2015,911
High Jump,NCAA D-III,Men,2016,900
High Jump,NCAA D-III,Men,2017,914
High Jump,NCAA D-III,Men,2018,919
High Jump,NCAA D-III,Men,2019,917
High Jump,NCAA D-III,Men,2021,896
High Jump,NCAA D-III,Men,2022,903
High Jump,NCAA D-III,Men,2023,901
High Jump,NCAA D-III,Women,2010,850
High Jump,NCAA D-III,Women,2011,862
High Jump,NCAA D-III,Women,2012,868
High Jump,NCAA D-III,Women,2013,870
High Jump,NCAA D-III,Women,2014,870
High Jump,NCAA D-III,Women,2015,862
High Jump,NCAA D-III,Women,2016,864
High Jump,NCAA D-III,Women,2017,860
High Jump,NCAA D-III,Women,2018,859
High Jump,NCAA D-III,Women,2019,861
High Jump,NCAA D-III,Women,2021,854
High Jump,NCAA D-III,Women,2022,859
High Jump,NCAA D-III,Women,2023,848
High Jump,World,Men,2010,1152
High Jump,World,Men,2011,1161
High Jump,World,Men,2012,1162
High Jump,World,Men,2013,1161
High Jump,World,Men,2014,1164
High Jump,World,Men,2015,1167
High Jump,World,Men,2016,1164
High Jump,World,Men,2017,1161
High Jump,World,Men,2018,1161
High Jump,World,Men,2019,1153
High Jump,World,Men,2021,1157
High Jump,World,Men,2022,1146
High Jump,World,Men,2023,1145
High Jump,World,Women,2010,1134
High Jump,World,Women,2011,1131
High Jump,World,Women,2012,1139
High Jump,World,Women,2013,1137
High Jump,World,Women,2014,1133
High Jump,World,Women,2015,1132
High Jump,World,Women,2016,1136
High Jump,World,Women,2017,1130
High Jump,World,Women,2018,1122
High Jump,World,Women,2019,1135
High Jump,World,Women,2021,1137
High Jump,World,Women,2022,1133
High Jump,World,Women,2023,1131
Javelin,Kansas 1A,Men,2010,576
Javelin,Kansas 1A,Men,2011,567
Javelin,Kansas 1A,Men,2012,574
Javelin,Kansas 1A,Men,2013,585
Javelin,Kansas 1A,Men,2014,589
Javelin,Kansas 1A,Men,2015,585
Javelin,Kansas 1A,Men,2016,595
Javelin,Kansas 1A,Men,2017,589
Javelin,Kansas 1A,Men,2018,582
Javelin,Kansas 1A,Men,2019,571
Javelin,Kansas 1A,Men,2021,567
Javelin,Kansas 1A,Men,2022,563
Javelin,Kansas 1A,Men,2023,575
Javelin,Kansas 1A,Women,2010,512
Javelin,Kansas 1A,Women,2011,515
Javelin,Kansas 1A,Women,2012,505
Javelin,Kansas 1A,Women,2013,504
Javelin,Kansas 1A,Women,2014,534
Javelin,Kansas 1A,Women,2015,546
Javelin,Kansas 1A,Women,2016,562
Javelin,Kansas 1A,Women,2017,558
Javelin,Kansas 1A,Women,2018,546
Javelin,Kansas 1A,Women,2019,532
Javelin,Kansas 1A,Women,2021,532
Javelin,Kansas 1A,Women,2022,540
Javelin,Kansas 1A,Women,2023,559
Javelin,Kansas 3A,Men,2010,533
Javelin,Kansas 3A,Men,2011,546
Javelin,Kansas 3A,Men,2012,556
Javelin,Kansas 3A,Men,2013,580
Javelin,Kansas 3A,Men,2014,577
Javelin,Kansas 3A,Men,2015,573
Javelin,Kansas 3A,Men,2016,579
Javelin,Kansas 3A,Men,2017,585
Javelin,Kansas 3A,Men,2018,599
Javelin,Kansas 3A,Men,2019,576
Javelin,Kansas 3A,Men,2021,559
Javelin,Kansas 3A,Men,2022,575
Javelin,Kansas 3A,Men,2023,593
Javelin,Kansas 3A,Women,2010,453
Javelin,Kansas 3A,Women,2011,498
Javelin,Kansas 3A,Women,2012,503
Javelin,Kansas 3A,Women,2013,508
Javelin,Kansas 3A,Women,2014,532
Javelin,Kansas 3A,Women,2015,527
Javelin,Kansas 3A,Women,2016,537
Javelin,Kansas 3A,Women,2017,543
Javelin,Kansas 3A,Women,2018,549
Javelin,Kansas 3A,Women,2019,548
Javelin,Kansas 3A,Women,2021,532
Javelin,Kansas 3A,Women,2022,538
Javelin,Kansas 3A,Women,2023,572
Javelin,Kansas 6A,Men,2010,592
Javelin,Kansas 6A,Men,2011,576
Javelin,Kansas 6A,Men,2012,582
Javelin,Kansas 6A,Men,2013,592
Javelin,Kansas 6A,Men,2014,596
Javelin,Kansas 6A,Men,2015,601
Javelin,Kansas 6A,Men,2016,607
Javelin,Kansas 6A,Men,2017,604
Javelin,Kansas 6A,Men,2018,604
Javelin,Kansas 6A,Men,2019,598
Javelin,Kansas 6A,Men,2021,573
Javelin,Kansas 6A,Men,2022,569
Javelin,Kansas 6A,Men,2023,590
Javelin,Kansas 6A,Women,2010,466
Javelin,Kansas 6A,Women,2011,491
Javelin,Kansas 6A,Women,2012,501
Javelin,Kansas 6A,Women,2013,513
Javelin,Kansas 6A,Women,2014,521
Javelin,Kansas 6A,Women,2015,512
Javelin,Kansas 6A,Women,2016,515
Javelin,Kansas 6A,Women,2017,531
Javelin,Kansas 6A,Women,2018,542
Javelin,Kansas 6A,Women,2019,545
Javelin,Kansas 6A,Women,2021,506
Javelin,Kansas 6A,Women,2022,510
Javelin,Kansas 6A,Women,2023,542
Javelin,NAIA,Men,2010,713
Javelin,NAIA,Men,2011,735
Javelin,NAIA,Men,2012,721
Javelin,NAIA,Men,2013,704
Javelin,NAIA,Men,2014,716
Javelin,NAIA,Men,2015,699
Javelin,NAIA,Men,2016,705
Javelin,NAIA,Men,2017,706
Javelin,NAIA,Men,2018,711
Javelin,NAIA,Men,2019,715
Javelin,NAIA,Men,2021,697
Javelin,NAIA,Men,2022,709
Javelin,NAIA,Men,2023,728
Javelin,NAIA,Women,2010,644
Javelin,NAIA,Women,2011,647
Javelin,NAIA,Women,2012,657
Javelin,NAIA,Women,2013,652
Javelin,NAIA,Women,2014,653
Javelin,NAIA,Women,2015,650
Javelin,NAIA,Women,2016,662
Javelin,NAIA,Women,2017,664
Javelin,NAIA,Women,2018,660
Javelin,NAIA,Women,2019,654
Javelin,NAIA,Women,2021,638
Javelin,NAIA,Women,2022,660
Javelin,NAIA,Women,2023,666
Javelin,NCAA D-I,Men,2010,918
Javelin,NCAA D-I,Men,2011,929
Javelin,NCAA D-I,Men,2012,930
Javelin,NCAA D-I,Men,2013,927
Javelin,NCAA D-I,Men,2014,926
Javelin,NCAA D-I,Men,2015,935
Javelin,NCAA D-I,Men,2016,944
Javelin,NCAA D-I,Men,2017,933
Javelin,NCAA D-I,Men,2018,928
Javelin,NCAA D-I,Men,2019,923
Javelin,NCAA D-I,Men,2021,935
Javelin,NCAA D-I,Men,2022,941
Javelin,NCAA D-I,Men,2023,944
Javelin,NCAA D-I,Men,2024,852
Javelin,NCAA D-I,Women,2010,838
Javelin,NCAA D-I,Women,2011,835
Javelin,NCAA D-I,Women,2012,844
Javelin,NCAA D-I,Women,2013,849
Javelin,NCAA D-I,Women,2014,870
Javelin,NCAA D-I,Women,2015,865
Javelin,NCAA D-I,Women,2016,879
Javelin,NCAA D-I,Women,2017,873
Javelin,NCAA D-I,Women,2018,879
Javelin,NCAA D-I,Women,2019,886
Javelin,NCAA D-I,Women,2021,902
Javelin,NCAA D-I,Women,2022,895
Javelin,NCAA D-I,Women,2023,895
Javelin,NCAA D-I,Women,2024,806
Javelin,NCAA D-II,Men,2010,771
Javelin,NCAA D-II,Men,2011,784
Javelin,NCAA D-II,Men,2012,790
Javelin,NCAA D-II,Men,2013,777
Javelin,NCAA D-II,Men,2014,782
Javelin,NCAA D-II,Men,2015,789
Javelin,NCAA D-II,Men,2016,780
Javelin,NCAA D-II,Men,2017,798
Javelin,NCAA D-II,Men,2018,789
Javelin,NCAA D-II,Men,2019,798
Javelin,NCAA D-II,Men,2021,786
Javelin,NCAA D-II,Men,2022,804
Javelin,NCAA D-II,Men,2023,812
Javelin,NCAA D-II,Women,2010,698
Javelin,NCAA D-II,Women,2011,694
Javelin,NCAA D-II,Women,2012,706
Javelin,NCAA D-II,Women,2013,710
Javelin,NCAA D-II,Women,2014,724
Javelin,NCAA D-II,Women,2015,732
Javelin,NCAA D-II,Women,2016,746
Javelin,NCAA D-II,Women,2017,735
Javelin,NCAA D-II,Women,2018,742
Javelin,NCAA D-II,Women,2019,745
Javelin,NCAA D-II,Women,2021,739
Javelin,NCAA D-II,Women,2022,744
Javelin,NCAA D-II,Women,2023,737
Javelin,NCAA D-III,Men,2010,782
Javelin,NCAA D-III,Men,2011,778
Javelin,NCAA D-III,Men,2012,779
Javelin,NCAA D-III,Men,2013,791
Javelin,NCAA D-III,Men,2014,771
Javelin,NCAA D-III,Men,2015,768
Javelin,NCAA D-III,Men,2016,777
Javelin,NCAA D-III,Men,2017,776
Javelin,NCAA D-III,Men,2018,782
Javelin,NCAA D-III,Men,2019,764
Javelin,NCAA D-III,Men,2021,737
Javelin,NCAA D-III,Men,2022,758
Javelin,NCAA D-III,Men,2023,771
Javelin,NCAA D-III,Women,2010,682
Javelin,NCAA D-III,Women,2011,694
Javelin,NCAA D-III,Women,2012,691
Javelin,NCAA D-III,Women,2013,693
Javelin,NCAA D-III,Women,2014,702
Javelin,NCAA D-III,Women,2015,702
Javelin,NCAA D-III,Women,2016,700
Javelin,NCAA D-III,Women,2017,693
Javelin,NCAA D-III,Women,2018,698
Javelin,NCAA D-III,Women,2019,697
Javelin,NCAA D-III,Women,2021,682
Javelin,NCAA D-III,Women,2022,684
Javelin,NCAA D-III,Women,2023,697
Javelin,World,Men,2010,1105
Javelin,World,Men,2011,1115
Javelin,World,Men,2012,1120
Javelin,World,Men,2013,1113
Javelin,World,Men,2014,1114
Javelin,World,Men,2015,1123
Javelin,World,Men,2016,1130
Javelin,World,Men,2017,1127
Javelin,World,Men,2018,1118
Javelin,World,Men,2019,1124
Javelin,World,Men,2021,1121
Javelin,World,Men,2022,1121
Javelin,World,Men,2023,1120
Javelin,World,Women,2010,1050
Javelin,World,Women,2011,1057
Javelin,World,Women,2012,1073
Javelin,World,Women,2013,1059
Javelin,World,Women,2014,1065
Javelin,World,Women,2015,1076
Javelin,World,Women,2016,1078
Javelin,World,Women,2017,1078
Javelin,World,Women,2018,1069
Javelin,World,Women,2019,1078
Javelin,World,Women,2021,1080
Javelin,World,Women,2022,1078
Javelin,World,Women,2023,1076
Long Jump,Kansas 1A,Men,2010,654
Long Jump,Kansas 1A,Men,2011,641
Long Jump,Kansas 1A,Men,2012,655
Long Jump,Kansas 1A,Men,2013,674
Long Jump,Kansas 1A,Men,2014,693
Long Jump,Kansas 1A,Men,2015,665
Long Jump,Kansas 1A,Men,2016,687
Long Jump,Kansas 1A,Men,2017,674
Long Jump,Kansas 1A,Men,2018,678
Long Jump,Kansas 1A,Men,2019,682
Long Jump,Kansas 1A,Men,2021,693
Long Jump,Kansas 1A,Men,2022,687
Long Jump,Kansas 1A,Men,2023,685
Long Jump,Kansas 1A,Women,2010,665
Long Jump,Kansas 1A,Women,2011,661
Long Jump,Kansas 1A,Women,2012,686
Long Jump,Kansas 1A,Women,2013,679
Long Jump,Kansas 1A,Women,2014,696
Long Jump,Kansas 1A,Women,2015,700
Long Jump,Kansas 1A,Women,2016,706
Long Jump,Kansas 1A,Women,2017,714
Long Jump,Kansas 1A,Women,2018,711
Long Jump,Kansas 1A,Women,2019,709
Long Jump,Kansas 1A,Women,2021,711
Long Jump,Kansas 1A,Women,2022,702
Long Jump,Kansas 1A,Women,2023,712
Long Jump,Kansas 3A,Men,2010,626
Long Jump,Kansas 3A,Men,2011,634
Long Jump,Kansas 3A,Men,2012,665
Long Jump,Kansas 3A,Men,2013,675
Long Jump,Kansas 3A,Men,2014,691
Long Jump,Kansas 3A,Men,2015,680
Long Jump,Kansas 3A,Men,2016,706
Long Jump,Kansas 3A,Men,2017,696
Long Jump,Kansas 3A,Men,2018,688
Long Jump,Kansas 3A,Men,2019,708
Long Jump,Kansas 3A,Men,2021,717
Long Jump,Kansas 3A,Men,2022,707
Long Jump,Kansas 3A,Men,2023,727
Long Jump,Kansas 3A,Women,2010,642
Long Jump,Kansas 3A,Women,2011,665
Long Jump,Kansas 3A,Women,2012,643
Long Jump,Kansas 3A,Women,2013,660
Long Jump,Kansas 3A,Women,2014,675
Long Jump,Kansas 3A,Women,2015,681
Long Jump,Kansas 3A,Women,2016,702
Long Jump,Kansas 3A,Women,2017,695
Long Jump,Kansas 3A,Women,2018,700
Long Jump,Kansas 3A,Women,2019,701
Long Jump,Kansas 3A,Women,2021,709
Long Jump,Kansas 3A,Women,2022,724
Long Jump,Kansas 3A,Women,2023,738
Long Jump,Kansas 6A,Men,2010,729
Long Jump,Kansas 6A,Men,2011,666
Long Jump,Kansas 6A,Men,2012,734
Long Jump,Kansas 6A,Men,2013,744
Long Jump,Kansas 6A,Men,2014,762
Long Jump,Kansas 6A,Men,2015,756
Long Jump,Kansas 6A,Men,2016,770
Long Jump,Kansas 6A,Men,2017,773
Long Jump,Kansas 6A,Men,2018,770
Long Jump,Kansas 6A,Men,2019,777
Long Jump,Kansas 6A,Men,2021,749
Long Jump,Kansas 6A,Men,2022,772
Long Jump,Kansas 6A,Men,2023,760
Long Jump,Kansas 6A,Women,2010,710
Long Jump,Kansas 6A,Women,2011,672
Long Jump,Kansas 6A,Women,2012,715
Long Jump,Kansas 6A,Women,2013,719
Long Jump,Kansas 6A,Women,2014,733
Long Jump,Kansas 6A,Women,2015,731
Long Jump,Kansas 6A,Women,2016,739
Long Jump,Kansas 6A,Women,2017,753
Long Jump,Kansas 6A,Women,2018,768
Long Jump,Kansas 6A,Women,2019,755
Long Jump,Kansas 6A,Women,2021,742
Long Jump,Kansas 6A,Women,2022,747
Long Jump,Kansas 6A,Women,2023,753
Long Jump,NAIA,Men,2010,889
Long Jump,NAIA,Men,2011,913
Long Jump,NAIA,Men,2012,902
Long Jump,NAIA,Men,2013,873
Long Jump,NAIA,Men,2014,892
Long Jump,NAIA,Men,2015,904
Long Jump,NAIA,Men,2016,916
Long Jump,NAIA,Men,2017,918
Long Jump,NAIA,Men,2018,919
Long Jump,NAIA,Men,2019,926
Long Jump,NAIA,Men,2021,922
Long Jump,NAIA,Men,2022,923
Long Jump,NAIA,Men,2023,937
Long Jump,NAIA,Women,2010,847
Long Jump,NAIA,Women,2011,878
Long Jump,NAIA,Women,2012,875
Long Jump,NAIA,Women,2013,862
Long Jump,NAIA,Women,2014,879
Long Jump,NAIA,Women,2015,877
Long Jump,NAIA,Women,2016,881
Long Jump,NAIA,Women,2017,901
Long Jump,NAIA,Women,2018,902
Long Jump,NAIA,Women,2019,901
Long Jump,NAIA,Women,2021,897
Long Jump,NAIA,Women,2022,901
Long Jump,NAIA,Women,2023,905
Long Jump,NCAA D-I,Men,2010,1050
Long Jump,NCAA D-I,Men,2011,1057
Long Jump,NCAA D-I,Men,2012,1056
Long Jump,NCAA D-I,Men,2013,1047
Long Jump,NCAA D-I,Men,2014,1054
Long Jump,NCAA D-I,Men,2015,1046
Long Jump,NCAA D-I,Men,2016,1064
Long Jump,NCAA D-I,Men,2017,1072
Long Jump,NCAA D-I,Men,2018,1080
Long Jump,NCAA D-I,Men,2019,1066
Long Jump,NCAA D-I,Men,2021,1076
Long Jump,NCAA D-I,Men,2022,1078
Long Jump,NCAA D-I,Men,2023,1083
Long Jump,NCAA D-I,Men,2024,969
Long Jump,NCAA D-I,Women,2010,1041
Long Jump,NCAA D-I,Women,2011,1043
Long Jump,NCAA D-I,Women,2012,1044
Long Jump,NCAA D-I,Women,2013,1040
Long Jump,NCAA D-I,Women,2014,1040
Long Jump,NCAA D-I,Women,2015,1042
Long Jump,NCAA D-I,Women,2016,1048
Long Jump,NCAA D-I,Women,2017,1064
Long Jump,NCAA D-I,Women,2018,1059
Long Jump,NCAA D-I,Women,2019,1058
Long Jump,NCAA D-I,Women,2021,1076
Long Jump,NCAA D-I,Women,2022,1065
Long Jump,NCAA D-I,Women,2023,1067
Long Jump,NCAA D-I,Women,2024,965
Long Jump,NCAA D-II,Men,2010,936
Long Jump,NCAA D-II,Men,2011,947
Long Jump,NCAA D-II,Men,2012,958
Long Jump,NCAA D-II,Men,2013,966
Long Jump,NCAA D-II,Men,2014,959
Long Jump,NCAA D-II,Men,2015,967
Long Jump,NCAA D-II,Men,2016,973
Long Jump,NCAA D-II,Men,2017,975
Long Jump,NCAA D-II,Men,2018,980
Long Jump,NCAA D-II,Men,2019,977
Long Jump,NCAA D-II,Men,2021,979
Long Jump,NCAA D-II,Men,2022,985
Long Jump,NCAA D-II,Men,2023,993
Long Jump,NCAA D-II,Women,2010,917
Long Jump,NCAA D-II,Women,2011,923
Long Jump,NCAA D-II,Women,2012,941
Long Jump,NCAA D-II,Women,2013,940
Long Jump,NCAA D-II,Women,2014,950
Long Jump,NCAA D-II,Women,2015,950
Long Jump,NCAA D-II,Women,2016,949
Long Jump,NCAA D-II,Women,2017,962
Long Jump,NCAA D-II,Women,2018,956
Long Jump,NCAA D-II,Women,2019,951
Long Jump,NCAA D-II,Women,2021,961
Long Jump,NCAA D-II,Women,2022,964
Long Jump,NCAA D-II,Women,2023,968
Long Jump,NCAA D-III,Men,2010,913
Long Jump,NCAA D-III,Men,2011,913
Long Jump,NCAA D-III,Men,2012,932
Long Jump,NCAA D-III,Men,2013,916
Long Jump,NCAA D-III,Men,2014,913
Long Jump,NCAA D-III,Men,2015,920
Long Jump,NCAA D-III,Men,2016,916
Long Jump,NCAA D-III,Men,2017,941
Long Jump,NCAA D-III,Men,2018,933
Long Jump,NCAA D-III,Men,2019,934
Long Jump,NCAA D-III,Men,2021,928
Long Jump,NCAA D-III,Men,2022,947
Long Jump,NCAA D-III,Men,2023,947
Long Jump,NCAA D-III,Women,2010,887
Long Jump,NCAA D-III,Women,2011,887
Long Jump,NCAA D-III,Women,2012,903
Long Jump,NCAA D-III,Women,2013,893
Long Jump,NCAA D-III,Women,2014,886
Long Jump,NCAA D-III,Women,2015,890
Long Jump,NCAA D-III,Women,2016,901
Long Jump,NCAA D-III,Women,2017,907
Long Jump,NCAA D-III,Women,2018,909
Long Jump,NCAA D-III,Women,2019,904
Long Jump,NCAA D-III,Women,2021,897
Long Jump,NCAA D-III,Women,2022,914
Long Jump,NCAA D-III,Women,2023,913
Long Jump,World,Men,2010,1156
Long Jump,World,Men,2011,1159
Long Jump,World,Men,2012,1158
Long Jump,World,Men,2013,1154
Long Jump,World,Men,2014,1154
Long Jump,World,Men,2015,1155
Long Jump,World,Men,2016,1162
Long Jump,World,Men,2017,1160
Long Jump,World,Men,2018,1163
Long Jump,World,Men,2019,1161
Long Jump,World,Men,2021,1162
Long Jump,World,Men,2022,1158
Long Jump,World,Men,2023,1165
Long Jump,World,Women,2010,1145
Long Jump,World,Women,2011,1150
Long Jump,World,Women,2012,1154
Long Jump,World,Women,2013,1141
Long Jump,World,Women,2014,1136
Long Jump,World,Women,2015,1150
Long Jump,World,Women,2016,1152
Long Jump,World,Women,2017,1140
Long Jump,World,Women,2018,1141
Long Jump,World,Women,2019,1146
Long Jump,World,Women,2021,1153
Long Jump,World,Women,2022,1147
Long Jump,World,Women,2023,1155
Pole Vault,Kansas 1A,Men,2010,491
Pole Vault,Kansas 1A,Men,2011,528
Pole Vault,Kansas 1A,Men,2012,491
Pole Vault,Kansas 1A,Men,2013,473
Pole Vault,Kansas 1A,Men,2014,479
Pole Vault,Kansas 1A,Men,2015,494
Pole Vault,Kansas 1A,Men,2016,471
Pole Vault,Kansas 1A,Men,2017,480
Pole Vault,Kansas 1A,Men,2018,468
Pole Vault,Kansas 1A,Men,2019,457
Pole Vault,Kansas 1A,Men,2021,445
Pole Vault,Kansas 1A,Men,2022,474
Pole Vault,Kansas 1A,Men,2023,481
Pole Vault,Kansas 1A,Women,2010,439
Pole Vault,Kansas 1A,Women,2011,500
Pole Vault,Kansas 1A,Women,2012,442
Pole Vault,Kansas 1A,Women,2013,444
Pole Vault,Kansas 1A,Women,2014,453
Pole Vault,Kansas 1A,Women,2015,450
Pole Vault,Kansas 1A,Women,2016,466
Pole Vault,Kansas 1A,Women,2017,459
Pole Vault,Kansas 1A,Women,2018,475
Pole Vault,Kansas 1A,Women,2019,438
Pole Vault,Kansas 1A,Women,2021,428
Pole Vault,Kansas 1A,Women,2022,466
Pole Vault,Kansas 1A,Women,2023,490
Pole Vault,Kansas 3A,Men,2010,504
Pole Vault,Kansas 3A,Men,2011,598
Pole Vault,Kansas 3A,Men,2012,501
Pole Vault,Kansas 3A,Men,2013,495
Pole Vault,Kansas 3A,Men,2014,460
Pole Vault,Kansas 3A,Men,2015,485
Pole Vault,Kansas 3A,Men,2016,555
Pole Vault,Kansas 3A,Men,2017,548
Pole Vault,Kansas 3A,Men,2018,536
Pole Vault,Kansas 3A,Men,2019,503
Pole Vault,Kansas 3A,Men,2021,491
Pole Vault,Kansas 3A,Men,2022,487
Pole Vault,Kansas 3A,Men,2023,509
Pole Vault,Kansas 3A,Women,2010,456
Pole Vault,Kansas 3A,Women,2011,542
Pole Vault,Kansas 3A,Women,2012,444
Pole Vault,Kansas 3A,Women,2013,434
Pole Vault,Kansas 3A,Women,2014,462
Pole Vault,Kansas 3A,Women,2015,492
Pole Vault,Kansas 3A,Women,2016,497
Pole Vault,Kansas 3A,Women,2017,483
Pole Vault,Kansas 3A,Women,2018,486
Pole Vault,Kansas 3A,Women,2019,478
Pole Vault,Kansas 3A,Women,2021,466
Pole Vault,Kansas 3A,Women,2022,456
Pole Vault,Kansas 3A,Women,2023,470
Pole Vault,Kansas 6A,Men,2010,601
Pole Vault,Kansas 6A,Men,2011,596
Pole Vault,Kansas 6A,Men,2012,585
Pole Vault,Kansas 6A,Men,2013,556
Pole Vault,Kansas 6A,Men,2014,559
Pole Vault,Kansas 6A,Men,2015,591
Pole Vault,Kansas 6A,Men,2016,560
Pole Vault,Kansas 6A,Men,2017,566
Pole Vault,Kansas 6A,Men,2018,555
Pole Vault,Kansas 6A,Men,2019,517
Pole Vault,Kansas 6A,Men,2021,485
Pole Vault,Kansas 6A,Men,2022,490
Pole Vault,Kansas 6A,Men,2023,559
Pole Vault,Kansas 6A,Women,2010,559
Pole Vault,Kansas 6A,Women,2011,594
Pole Vault,Kansas 6A,Women,2012,482
Pole Vault,Kansas 6A,Women,2013,484
Pole Vault,Kansas 6A,Women,2014,468
Pole Vault,Kansas 6A,Women,2015,481
Pole Vault,Kansas 6A,Women,2016,494
Pole Vault,Kansas 6A,Women,2017,484
Pole Vault,Kansas 6A,Women,2018,486
Pole Vault,Kansas 6A,Women,2019,496
Pole Vault,Kansas 6A,Women,2021,487
Pole Vault,Kansas 6A,Women,2022,477
Pole Vault,Kansas 6A,Women,2023,481
Pole Vault,NAIA,Men,2010,827
Pole Vault,NAIA,Men,2011,833
Pole Vault,NAIA,Men,2012,835
Pole Vault,NAIA,Men,2013,841
Pole Vault,NAIA,Men,2014,831
Pole Vault,NAIA,Men,2015,818
Pole Vault,NAIA,Men,2016,795
Pole Vault,NAIA,Men,2017,825
Pole Vault,NAIA,Men,2018,828
Pole Vault,NAIA,Men,2019,847
Pole Vault,NAIA,Men,2021,827
Pole Vault,NAIA,Men,2022,829
Pole Vault,NAIA,Men,2023,841
Pole Vault,NAIA,Women,2010,674
Pole Vault,NAIA,Women,2011,728
Pole Vault,NAIA,Women,2012,687
Pole Vault,NAIA,Women,2013,702
Pole Vault,NAIA,Women,2014,699
Pole Vault,NAIA,Women,2015,698
Pole Vault,NAIA,Women,2016,713
Pole Vault,NAIA,Women,2017,718
Pole Vault,NAIA,Women,2018,708
Pole Vault,NAIA,Women,2019,719
Pole Vault,NAIA,Women,2021,736
Pole Vault,NAIA,Women,2022,732
Pole Vault,NAIA,Women,2023,734
Pole Vault,NCAA D-I,Men,2010,1050
Pole Vault,NCAA D-I,Men,2011,1048
Pole Vault,NCAA D-I,Men,2012,1063
Pole Vault,NCAA D-I,Men,2013,1064
Pole Vault,NCAA D-I,Men,2014,1069
Pole Vault,NCAA D-I,Men,2015,1065
Pole Vault,NCAA D-I,Men,2016,1066
Pole Vault,NCAA D-I,Men,2017,1061
Pole Vault,NCAA D-I,Men,2018,1071
Pole Vault,NCAA D-I,Men,2019,1067
Pole Vault,NCAA D-I,Men,2021,1074
Pole Vault,NCAA D-I,Men,2022,1070
Pole Vault,NCAA D-I,Men,2023,1080
Pole Vault,NCAA D-I,Men,2024,954
Pole Vault,NCAA D-I,Women,2010,970
Pole Vault,NCAA D-I,Women,2011,980
Pole Vault,NCAA D-I,Women,2012,983
Pole Vault,NCAA D-I,Women,2013,976
Pole Vault,NCAA D-I,Women,2014,991
Pole Vault,NCAA D-I,Women,2015,1007
Pole Vault,NCAA D-I,Women,2016,1009
Pole Vault,NCAA D-I,Women,2017,1004
Pole Vault,NCAA D-I,Women,2018,1004
Pole Vault,NCAA D-I,Women,2019,1010
Pole Vault,NCAA D-I,Women,2021,1010
Pole Vault,NCAA D-I,Women,2022,1018
Pole Vault,NCAA D-I,Women,2023,1012
Pole Vault,NCAA D-I,Women,2024,912
Pole Vault,NCAA D-II,Men,2010,909
Pole Vault,NCAA D-II,Men,2011,906
Pole Vault,NCAA D-II,Men,2012,902
Pole Vault,NCAA D-II,Men,2013,932
Pole Vault,NCAA D-II,Men,2014,924
Pole Vault,NCAA D-II,Men,2015,935
Pole Vault,NCAA D-II,Men,2016,934
Pole Vault,NCAA D-II,Men,2017,944
Pole Vault,NCAA D-II,Men,2018,940
Pole Vault,NCAA D-II,Men,2019,943
Pole Vault,NCAA D-II,Men,2021,949
Pole Vault,NCAA D-II,Men,2022,940
Pole Vault,NCAA D-II,Men,2023,951
Pole Vault,NCAA D-II,Women,2010,785
Pole Vault,NCAA D-II,Women,2011,796
Pole Vault,NCAA D-II,Women,2012,812
Pole Vault,NCAA D-II,Women,2013,835
Pole Vault,NCAA D-II,Women,2014,834
Pole Vault,NCAA D-II,Women,2015,837
Pole Vault,NCAA D-II,Women,2016,842
Pole Vault,NCAA D-II,Women,2017,846
Pole Vault,NCAA D-II,Women,2018,857
Pole Vault,NCAA D-II,Women,2019,868
Pole Vault,NCAA D-II,Women,2021,880
Pole Vault,NCAA D-II,Women,2022,894
Pole Vault,NCAA D-II,Women,2023,878
Pole Vault,NCAA D-III,Men,2010,895
Pole Vault,NCAA D-III,Men,2011,909
Pole Vault,NCAA D-III,Men,2012,918
Pole Vault,NCAA D-III,Men,2013,899
Pole Vault,NCAA D-III,Men,2014,897
Pole Vault,NCAA D-III,Men,2015,907
Pole Vault,NCAA D-III,Men,2016,905
Pole Vault,NCAA D-III,Men,2017,906
Pole Vault,NCAA D-III,Men,2018,910
Pole Vault,NCAA D-III,Men,2019,898
Pole Vault,NCAA D-III,Men,2021,889
Pole Vault,NCAA D-III,Men,2022,908
Pole Vault,NCAA D-III,Men,2023,906
Pole Vault,NCAA D-III,Women,2010,780
Pole Vault,NCAA D-III,Women,2011,779
Pole Vault,NCAA D-III,Women,2012,800
Pole Vault,NCAA D-III,Women,2013,799
Pole Vault,NCAA D-III,Women,2014,803
Pole Vault,NCAA D-III,Women,2015,820
Pole Vault,NCAA D-III,Women,2016,830
Pole Vault,NCAA D-III,Women,2017,831
Pole Vault,NCAA D-III,Women,2018,820
Pole Vault,NCAA D-III,Women,2019,830
Pole Vault,NCAA D-III,Women,2021,791
Pole Vault,NCAA D-III,Women,2022,828
Pole Vault,NCAA D-III,Women,2023,833
Pole Vault,World,Men,2010,1157
Pole Vault,World,Men,2011,1158
Pole Vault,World,Men,2012,1163
Pole Vault,World,Men,2013,1167
Pole Vault,World,Men,2014,1165
Pole Vault,World,Men,2015,1167
Pole Vault,World,Men,2016,1176
Pole Vault,World,Men,2017,1173
Pole Vault,World,Men,2018,1176
Pole Vault,World,Men,2019,1178
Pole Vault,World,Men,2021,1183
Pole Vault,World,Men,2022,1181
Pole Vault,World,Men,2023,1184
Pole Vault,World,Women,2010,1095
Pole Vault,World,Women,2011,1102
Pole Vault,World,Women,2012,1109
Pole Vault,World,Women,2013,1109
Pole Vault,World,Women,2014,1107
Pole Vault,World,Women,2015,1117
Pole Vault,World,Women,2016,1128
Pole Vault,World,Women,2017,1118
Pole Vault,World,Women,2018,1120
Pole Vault,World,Women,2019,1126
Pole Vault,World,Women,2021,1127
Pole Vault,World,Women,2022,1123
Pole Vault,World,Women,2023,1125
Shot Put,Kansas 1A,Men,2010,661
Shot Put,Kansas 1A,Men,2011,650
Shot Put,Kansas 1A,Men,2012,670
Shot Put,Kansas 1A,Men,2013,689
Shot Put,Kansas 1A,Men,2014,702
Shot Put,Kansas 1A,Men,2015,704
Shot Put,Kansas 1A,Men,2016,696
Shot Put,Kansas 1A,Men,2017,692
Shot Put,Kansas 1A,Men,2018,681
Shot Put,Kansas 1A,Men,2019,684
Shot Put,Kansas 1A,Men,2021,671
Shot Put,Kansas 1A,Men,2022,674
Shot Put,Kansas 1A,Men,2023,671
Shot Put,Kansas 1A,Women,2010,550
Shot Put,Kansas 1A,Women,2011,556
Shot Put,Kansas 1A,Women,2012,557
Shot Put,Kansas 1A,Women,2013,563
Shot Put,Kansas 1A,Women,2014,558
Shot Put,Kansas 1A,Women,2015,565
Shot Put,Kansas 1A,Women,2016,586
Shot Put,Kansas 1A,Women,2017,580
Shot Put,Kansas 1A,Women,2018,582
Shot Put,Kansas 1A,Women,2019,592
Shot Put,Kansas 1A,Women,2021,580
Shot Put,Kansas 1A,Women,2022,586
Shot Put,Kansas 1A,Women,2023,583
Shot Put,Kansas 3A,Men,2010,669
Shot Put,Kansas 3A,Men,2011,665
Shot Put,Kansas 3A,Men,2012,674
Shot Put,Kansas 3A,Men,2013,688
Shot Put,Kansas 3A,Men,2014,685
Shot Put,Kansas 3A,Men,2015,687
Shot Put,Kansas 3A,Men,2016,696
Shot Put,Kansas 3A,Men,2017,686
Shot Put,Kansas 3A,Men,2018,696
Shot Put,Kansas 3A,Men,2019,715
Shot Put,Kansas 3A,Men,2021,714
Shot Put,Kansas 3A,Men,2022,719
Shot Put,Kansas 3A,Men,2023,737
Shot Put,Kansas 3A,Women,2010,525
Shot Put,Kansas 3A,Women,2011,544
Shot Put,Kansas 3A,Women,2012,530
Shot Put,Kansas 3A,Women,2013,532
Shot Put,Kansas 3A,Women,2014,550
Shot Put,Kansas 3A,Women,2015,560
Shot Put,Kansas 3A,Women,2016,582
Shot Put,Kansas 3A,Women,2017,584
Shot Put,Kansas 3A,Women,2018,573
Shot Put,Kansas 3A,Women,2019,590
Shot Put,Kansas 3A,Women,2021,577
Shot Put,Kansas 3A,Women,2022,599
Shot Put,Kansas 3A,Women,2023,598
Shot Put,Kansas 6A,Men,2010,724
Shot Put,Kansas 6A,Men,2011,693
Shot Put,Kansas 6A,Men,2012,714
Shot Put,Kansas 6A,Men,2013,715
Shot Put,Kansas 6A,Men,2014,715
Shot Put,Kansas 6A,Men,2015,722
Shot Put,Kansas 6A,Men,2016,727
Shot Put,Kansas 6A,Men,2017,730
Shot Put,Kansas 6A,Men,2018,734
Shot Put,Kansas 6A,Men,2019,740
Shot Put,Kansas 6A,Men,2021,733
Shot Put,Kansas 6A,Men,2022,743
Shot Put,Kansas 6A,Men,2023,741
Shot Put,Kansas 6A,Women,2010,552
Shot Put,Kansas 6A,Women,2011,550
Shot Put,Kansas 6A,Women,2012,566
Shot Put,Kansas 6A,Women,2013,563
Shot Put,Kansas 6A,Women,2014,571
Shot Put,Kansas 6A,Women,2015,581
Shot Put,Kansas 6A,Women,2016,564
Shot Put,Kansas 6A,Women,2017,582
Shot Put,Kansas 6A,Women,2018,577
Shot Put,Kansas 6A,Women,2019,579
Shot Put,Kansas 6A,Women,2021,554
Shot Put,Kansas 6A,Women,2022,548
Shot Put,Kansas 6A,Women,2023,584
Shot Put,NAIA,Men,2010,797
Shot Put,NAIA,Men,2011,812
Shot Put,NAIA,Men,2012,818
Shot Put,NAIA,Men,2013,800
Shot Put,NAIA,Men,2014,800
Shot Put,NAIA,Men,2015,814
Shot Put,NAIA,Men,2016,804
Shot Put,NAIA,Men,2017,814
Shot Put,NAIA,Men,2018,828
Shot Put,NAIA,Men,2019,822
Shot Put,NAIA,Men,2021,825
Shot Put,NAIA,Men,2022,829
Shot Put,NAIA,Men,2023,835
Shot Put,NAIA,Women,2010,735
Shot Put,NAIA,Women,2011,735
Shot Put,NAIA,Women,2012,740
Shot Put,NAIA,Women,2013,742
Shot Put,NAIA,Women,2014,742
Shot Put,NAIA,Women,2015,747
Shot Put,NAIA,Women,2016,743
Shot Put,NAIA,Women,2017,747
Shot Put,NAIA,Women,2018,749
Shot Put,NAIA,Women,2019,751
Shot Put,NAIA,Women,2021,746
Shot Put,NAIA,Women,2022,755
Shot Put,NAIA,Women,2023,756
Shot Put,NCAA D-I,Men,2010,987
Shot Put,NCAA D-I,Men,2011,985
Shot Put,NCAA D-I,Men,2012,1004
Shot Put,NCAA D-I,Men,2013,1001
Shot Put,NCAA D-I,Men,2014,1027
Shot Put,NCAA D-I,Men,2015,1033
Shot Put,NCAA D-I,Men,2016,1021
Shot Put,NCAA D-I,Men,2017,1029
Shot Put,NCAA D-I,Men,2018,1032
Shot Put,NCAA D-I,Men,2019,1040
Shot Put,NCAA D-I,Men,2021,1049
Shot Put,NCAA D-I,Men,2022,1044
Shot Put,NCAA D-I,Men,2023,1047
Shot Put,NCAA D-I,Men,2024,935
Shot Put,NCAA D-I,Women,2010,928
Shot Put,NCAA D-I,Women,2011,945
Shot Put,NCAA D-I,Women,2012,951
Shot Put,NCAA D-I,Women,2013,956
Shot Put,NCAA D-I,Women,2014,951
Shot Put,NCAA D-I,Women,2015,956
Shot Put,NCAA D-I,Women,2016,964
Shot Put,NCAA D-I,Women,2017,961
Shot Put,NCAA D-I,Women,2018,967
Shot Put,NCAA D-I,Women,2019,966
Shot Put,NCAA D-I,Women,2021,989
Shot Put,NCAA D-I,Women,2022,990
Shot Put,NCAA D-I,Women,2023,996
Shot Put,NCAA D-I,Women,2024,884
Shot Put,NCAA D-II,Men,2010,877
Shot Put,NCAA D-II,Men,2011,867
Shot Put,NCAA D-II,Men,2012,870
Shot Put,NCAA D-II,Men,2013,886
Shot Put,NCAA D-II,Men,2014,883
Shot Put,NCAA D-II,Men,2015,884
Shot Put,NCAA D-II,Men,2016,890
Shot Put,NCAA D-II,Men,2017,897
Shot Put,NCAA D-II,Men,2018,907
Shot Put,NCAA D-II,Men,2019,927
Shot Put,NCAA D-II,Men,2021,921
Shot Put,NCAA D-II,Men,2022,914
Shot Put,NCAA D-II,Men,2023,919
Shot Put,NCAA D-II,Women,2010,782
Shot Put,NCAA D-II,Women,2011,794
Shot Put,NCAA D-II,Women,2012,801
Shot Put,NCAA D-II,Women,2013,796
Shot Put,NCAA D-II,Women,2014,807
Shot Put,NCAA D-II,Women,2015,811
Shot Put,NCAA D-II,Women,2016,814
Shot Put,NCAA D-II,Women,2017,821
Shot Put,NCAA D-II,Women,2018,830
Shot Put,NCAA D-II,Women,2019,839
Shot Put,NCAA D-II,Women,2021,824
Shot Put,NCAA D-II,Women,2022,822
Shot Put,NCAA D-II,Women,2023,817
Shot Put,NCAA D-III,Men,2010,849
Shot Put,NCAA D-III,Men,2011,853
Shot Put,NCAA D-III,Men,2012,860
Shot Put,NCAA D-III,Men,2013,858
Shot Put,NCAA D-III,Men,2014,862
Shot Put,NCAA D-III,Men,2015,860
Shot Put,NCAA D-III,Men,2016,861
Shot Put,NCAA D-III,Men,2017,859
Shot Put,NCAA D-III,Men,2018,856
Shot Put,NCAA D-III,Men,2019,861
Shot Put,NCAA D-III,Men,2021,839
Shot Put,NCAA D-III,Men,2022,848
Shot Put,NCAA D-III,Men,2023,859
Shot Put,NCAA D-III,Women,2010,739
Shot Put,NCAA D-III,Women,2011,751
Shot Put,NCAA D-III,Women,2012,760
Shot Put,NCAA D-III,Women,2013,762
Shot Put,NCAA D-III,Women,2014,771
Shot Put,NCAA D-III,Women,2015,770
Shot Put,NCAA D-III,Women,2016,763
Shot Put,NCAA D-III,Women,2017,778
Shot Put,NCAA D-III,Women,2018,774
Shot Put,NCAA D-III,Women,2019,772
Shot Put,NCAA D-III,Women,2021,761
Shot Put,NCAA D-III,Women,2022,772
Shot Put,NCAA D-III,Women,2023,780
Shot Put,World,Men,2010,1123
Shot Put,World,Men,2011,1129
Shot Put,World,Men,2012,1138
Shot Put,World,Men,2013,1130
Shot Put,World,Men,2014,1141
Shot Put,World,Men,2015,1141
Shot Put,World,Men,2016,1146
Shot Put,World,Men,2017,1149
Shot Put,World,Men,2018,1149
Shot Put,World,Men,2019,1165
Shot Put,World,Men,2021,1169
Shot Put,World,Men,2022,1163
Shot Put,World,Men,2023,1162
Shot Put,World,Women,2010,1061
Shot Put,World,Women,2011,1061
Shot Put,World,Women,2012,1077
Shot Put,World,Women,2013,1059
Shot Put,World,Women,2014,1058
Shot Put,World,Women,2015,1070
Shot Put,World,Women,2016,1083
Shot Put,World,Women,2017,1075
Shot Put,World,Women,2018,1076
Shot Put,World,Women,2019,1077
Shot Put,World,Women,2021,1092
Shot Put,World,Women,2022,1085
Shot Put,World,Women,2023,1084
Triple Jump,Kansas 1A,Men,2010,602
Triple Jump,Kansas 1A,Men,2011,628
Triple Jump,Kansas 1A,Men,2012,586
Triple Jump,Kansas 1A,Men,2013,619
Triple Jump,Kansas 1A,Men,2014,629
Triple Jump,Kansas 1A,Men,2015,626
Triple Jump,Kansas 1A,Men,2016,643
Triple Jump,Kansas 1A,Men,2017,619
Triple Jump,Kansas 1A,Men,2018,622
Triple Jump,Kansas 1A,Men,2019,635
Triple Jump,Kansas 1A,Men,2021,635
Triple Jump,Kansas 1A,Men,2022,632
Triple Jump,Kansas 1A,Men,2023,609
Triple Jump,Kansas 1A,Women,2010,658
Triple Jump,Kansas 1A,Women,2011,713
Triple Jump,Kansas 1A,Women,2012,653
Triple Jump,Kansas 1A,Women,2013,660
Triple Jump,Kansas 1A,Women,2014,662
Triple Jump,Kansas 1A,Women,2015,664
Triple Jump,Kansas 1A,Women,2016,672
Triple Jump,Kansas 1A,Women,2017,681
Triple Jump,Kansas 1A,Women,2018,687
Triple Jump,Kansas 1A,Women,2019,674
Triple Jump,Kansas 1A,Women,2021,659
Triple Jump,Kansas 1A,Women,2022,679
Triple Jump,Kansas 1A,Women,2023,675
Triple Jump,Kansas 3A,Men,2010,555
Triple Jump,Kansas 3A,Men,2011,632
Triple Jump,Kansas 3A,Men,2012,617
Triple Jump,Kansas 3A,Men,2013,619
Triple Jump,Kansas 3A,Men,2014,622
Triple Jump,Kansas 3A,Men,2015,619
Triple Jump,Kansas 3A,Men,2016,627
Triple Jump,Kansas 3A,Men,2017,633
Triple Jump,Kansas 3A,Men,2018,639
Triple Jump,Kansas 3A,Men,2019,636
Triple Jump,Kansas 3A,Men,2021,633
Triple Jump,Kansas 3A,Men,2022,642
Triple Jump,Kansas 3A,Men,2023,661
Triple Jump,Kansas 3A,Women,2010,631
Triple Jump,Kansas 3A,Women,2011,711
Triple Jump,Kansas 3A,Women,2012,641
Triple Jump,Kansas 3A,Women,2013,642
Triple Jump,Kansas 3A,Women,2014,646
Triple Jump,Kansas 3A,Women,2015,660
Triple Jump,Kansas 3A,Women,2016,675
Triple Jump,Kansas 3A,Women,2017,679
Triple Jump,Kansas 3A,Women,2018,672
Triple Jump,Kansas 3A,Women,2019,677
Triple Jump,Kansas 3A,Women,2021,679
Triple Jump,Kansas 3A,Women,2022,682
Triple Jump,Kansas 3A,Women,2023,701
Triple Jump,Kansas 6A,Men,2010,662
Triple Jump,Kansas 6A,Men,2011,663
Triple Jump,Kansas 6A,Men,2012,667
Triple Jump,Kansas 6A,Men,2013,663
Triple Jump,Kansas 6A,Men,2014,683
Triple Jump,Kansas 6A,Men,2015,674
Triple Jump,Kansas 6A,Men,2016,685
Triple Jump,Kansas 6A,Men,2017,674
Triple Jump,Kansas 6A,Men,2018,693
Triple Jump,Kansas 6A,Men,2019,677
Triple Jump,Kansas 6A,Men,2021,643
Triple Jump,Kansas 6A,Men,2022,652
Triple Jump,Kansas 6A,Men,2023,660
Triple Jump,Kansas 6A,Women,2010,701
Triple Jump,Kansas 6A,Women,2011,712
Triple Jump,Kansas 6A,Women,2012,668
Triple Jump,Kansas 6A,Women,2013,681
Triple Jump,Kansas 6A,Women,2014,687
Triple Jump,Kansas 6A,Women,2015,675
Triple Jump,Kansas 6A,Women,2016,694
Triple Jump,Kansas 6A,Women,2017,695
Triple Jump,Kansas 6A,Women,2018,710
Triple Jump,Kansas 6A,Women,2019,714
Triple Jump,Kansas 6A,Women,2021,676
Triple Jump,Kansas 6A,Women,2022,675
Triple Jump,Kansas 6A,Women,2023,675
Triple Jump,NAIA,Men,2010,806
Triple Jump,NAIA,Men,2011,828
Triple Jump,NAIA,Men,2012,823
Triple Jump,NAIA,Men,2013,801
Triple Jump,NAIA,Men,2014,807
Triple Jump,NAIA,Men,2015,822
Triple Jump,NAIA,Men,2016,823
Triple Jump,NAIA,Men,2017,831
Triple Jump,NAIA,Men,2018,848
Triple Jump,NAIA,Men,2019,844
Triple Jump,NAIA,Men,2021,839
Triple Jump,NAIA,Men,2022,846
Triple Jump,NAIA,Men,2023,849
Triple Jump,NAIA,Women,2010,792
Triple Jump,NAIA,Women,2011,809
Triple Jump,NAIA,Women,2012,808
Triple Jump,NAIA,Women,2013,810
Triple Jump,NAIA,Women,2014,830
Triple Jump,NAIA,Women,2015,829
Triple Jump,NAIA,Women,2016,824
Triple Jump,NAIA,Women,2017,825
Triple Jump,NAIA,Women,2018,830
Triple Jump,NAIA,Women,2019,846
Triple Jump,NAIA,Women,2021,841
Triple Jump,NAIA,Women,2022,842
Triple Jump,NAIA,Women,2023,839
Triple Jump,NCAA D-I,Men,2010,1009
Triple Jump,NCAA D-I,Men,2011,1016
Triple Jump,NCAA D-I,Men,2012,1014
Triple Jump,NCAA D-I,Men,2013,1007
Triple Jump,NCAA D-I,Men,2014,1005
Triple Jump,NCAA D-I,Men,2015,1022
Triple Jump,NCAA D-I,Men,2016,1023
Triple Jump,NCAA D-I,Men,2017,1030
Triple Jump,NCAA D-I,Men,2018,1029
Triple Jump,NCAA D-I,Men,2019,1020
Triple Jump,NCAA D-I,Men,2021,1036
Triple Jump,NCAA D-I,Men,2022,1031
Triple Jump,NCAA D-I,Men,2023,1030
Triple Jump,NCAA D-I,Men,2024,860
Triple Jump,NCAA D-I,Women,2010,987
Triple Jump,NCAA D-I,Women,2011,997
Triple Jump,NCAA D-I,Women,2012,994
Triple Jump,NCAA D-I,Women,2013,992
Triple Jump,NCAA D-I,Women,2014,998
Triple Jump,NCAA D-I,Women,2015,996
Triple Jump,NCAA D-I,Women,2016,1002
Triple Jump,NCAA D-I,Women,2017,1009
Triple Jump,NCAA D-I,Women,2018,1013
Triple Jump,NCAA D-I,Women,2019,1011
Triple Jump,NCAA D-I,Women,2021,1022
Triple Jump,NCAA D-I,Women,2022,1021
Triple Jump,NCAA D-I,Women,2023,1018
Triple Jump,NCAA D-I,Women,2024,924
Triple Jump,NCAA D-II,Men,2010,881
Triple Jump,NCAA D-II,Men,2011,887
Triple Jump,NCAA D-II,Men,2012,901
Triple Jump,NCAA D-II,Men,2013,907
Triple Jump,NCAA D-II,Men,2014,900
Triple Jump,NCAA D-II,Men,2015,903
Triple Jump,NCAA D-II,Men,2016,920
Triple Jump,NCAA D-II,Men,2017,920
Triple Jump,NCAA D-II,Men,2018,926
Triple Jump,NCAA D-II,Men,2019,920
Triple Jump,NCAA D-II,Men,2021,914
Triple Jump,NCAA D-II,Men,2022,920
Triple Jump,NCAA D-II,Men,2023,920
Triple Jump,NCAA D-II,Women,2010,863
Triple Jump,NCAA D-II,Women,2011,869
Triple Jump,NCAA D-II,Women,2012,892
Triple Jump,NCAA D-II,Women,2013,890
Triple Jump,NCAA D-II,Women,2014,893
Triple Jump,NCAA D-II,Women,2015,891
Triple Jump,NCAA D-II,Women,2016,898
Triple Jump,NCAA D-II,Women,2017,905
Triple Jump,NCAA D-II,Women,2018,906
Triple Jump,NCAA D-II,Women,2019,906
Triple Jump,NCAA D-II,Women,2021,901
Triple Jump,NCAA D-II,Women,2022,915
Triple Jump,NCAA D-II,Women,2023,908
Triple Jump,NCAA D-III,Men,2010,843
Triple Jump,NCAA D-III,Men,2011,858
Triple Jump,NCAA D-III,Men,2012,867
Triple Jump,NCAA D-III,Men,2013,852
Triple Jump,NCAA D-III,Men,2014,852
Triple Jump,NCAA D-III,Men,2015,859
Triple Jump,NCAA D-III,Men,2016,858
Triple Jump,NCAA D-III,Men,2017,870
Triple Jump,NCAA D-III,Men,2018,870
Triple Jump,NCAA D-III,Men,2019,867
Triple Jump,NCAA D-III,Men,2021,854
Triple Jump,NCAA D-III,Men,2022,869
Triple Jump,NCAA D-III,Men,2023,872
Triple Jump,NCAA D-III,Women,2010,836
Triple Jump,NCAA D-III,Women,2011,842
Triple Jump,NCAA D-III,Women,2012,858
Triple Jump,NCAA D-III,Women,2013,845
Triple Jump,NCAA D-III,Women,2014,842
Triple Jump,NCAA D-III,Women,2015,856
Triple Jump,NCAA D-III,Women,2016,853
Triple Jump,NCAA D-III,Women,2017,856
Triple Jump,NCAA D-III,Women,2018,861
Triple Jump,NCAA D-III,Women,2019,861
Triple Jump,NCAA D-III,Women,2021,853
Triple Jump,NCAA D-III,Women,2022,866
Triple Jump,NCAA D-III,Women,2023,868
Triple Jump,World,Men,2010,1150
Triple Jump,World,Men,2011,1155
Triple Jump,World,Men,2012,1150
Triple Jump,World,Men,2013,1139
Triple Jump,World,Men,2014,1137
Triple Jump,World,Men,2015,1145
Triple Jump,World,Men,2016,1148
Triple Jump,World,Men,2017,1151
Triple Jump,World,Men,2018,1146
Triple Jump,World,Men,2019,1155
Triple Jump,World,Men,2021,1145
Triple Jump,World,Men,2022,1139
Triple Jump,World,Men,2023,1141
Triple Jump,World,Women,2010,1122
Triple Jump,World,Women,2011,1135
Triple Jump,World,Women,2012,1135
Triple Jump,World,Women,2013,1126
Triple Jump,World,Women,2014,1117
Triple Jump,World,Women,2015,1117
Triple Jump,World,Women,2016,1120
Triple Jump,World,Women,2017,1110
Triple Jump,World,Women,2018,1120
Triple Jump,World,Women,2019,1120
Triple Jump,World,Women,2021,1125
Triple Jump,World,Women,2022,1117
Triple Jump,World,Women,2023,1120
